Joy,Surprise,Anger,Sadness,Fear,Disgust,Love,Trust,Anticipation
সুখী,বিস্ময়,বিরক্ত,শোক,নির্যাতন,নরখাদক,ভালবাসা,সত্যবাদিতা,উত্তেজিত
সুখ,বিস্ফোরণ,বর্বরতা,হৃদয়বিদারক,সন্ত্রাসী,অঙ্গচ্ছেদ,ভালোবাসার,বিশ্বস্ত,উত্তেজনা
উদযাপন,চমকপ্রদ,ঘৃণা,দুঃখজনক,সন্ত্রাসীদের,শ্লীলতাহানি,প্রিয়,সম্মান,পূর্বানুমান
আনন্দিত,অতর্কিত,ঘৃণ্য,আত্মঘাতী,ভয়ঙ্কর,অজাচার,নবী,সততা,আগ্রহ
উচ্ছ্বাস,বিস্ফোরক,হিংস্রভাবে,দুর্দশা,সন্ত্রাসবাদ,ধর্ষণ,হযরত,সৎ,উত্তেজনাপূর্ণ
সেরা,আশ্চর্যজনকভাবে,ক্ষুব্ধ,হত্যাকাণ্ড,আত্মঘাতী,পচা,মুহাম্মদ,সত্য,প্রত্যাশিত
প্রেমিকা,চমকে,ক্ষিপ্ত,বিষণ্ণতা,বোমা,মৃতদেহ,দেশ,সত্যবাদী,রোমাঞ্চকর
বিস্ময়করতা,জঘন্যভাবে,ক্ষিপ্তভাবে,মারাত্মক,হামলা,হত্যাকাণ্ড,বিয়ে,বিশ্বাস,আশা
আনন্দ,আতঙ্কিত,রাগান্বিত,শোকাহত,হত্যা,মলমূত্র,সন্তান,ভ্রাতৃত্ব,অনুসন্ধান
আনন্দদায়ক,বিস্মিত,খুনি,ধ্বংস,নরঘাতক,বধ,সুন্দর,প্রতিশ্রুতিবদ্ধ,গণনা
সুখে,বিস্ময়কর,ক্রোধ,মৃত্যু,বিপর্যয়,কসাইখানা,দোয়া,আনুগত্য,শুরু
উত্তেজনা,রোমাঞ্চকর,মৃত্যুদন্ড,বিধ্বস্ত,ধ্বংস,নর্দমা,ভাই,অখণ্ডতা,অ্যাডভেঞ্চার
প্রেম,অলৌকিক,হত্যা,আত্মহত্যা,খুনি,ময়লা,দারুন,সম্মানজনক,প্রত্যাশা
কৃতজ্ঞতা,এলার্ম,বিনাশ,বিপর্যয়,সন্ত্রাস,ধর্মান্ধ,ধন্যবাদ,বিশ্বাসযোগ্যতা,ক্লাইম্যাক্স
খুশি,শক,রাগ,ভয়ঙ্কর,মরণ,সংক্রমণ,ভালো,আন্তরিক,ভবিষ্যদ্বাণী
নাচ,বজ্রপাত,অভিশাপ,মারা,যুদ্ধ,প্লেগ,মাটির,অংশীদারিত্ব,আশা করা
বিশুদ্ধ,ঝাঁকুনি,নরঘাতক,হতাশাজনক,মিসাইল,রক্তপিপাসু,মনের,বুদ্ধি,জাগানো
বিজয়ী,চমকানো,ক্ষোভ,যন্ত্রণা,ভয়াবহ,মল,সুস্থ,সমবায়,আগ্রহী
পরমানন্দ,ঠুং,ধ্বংস,কাঁদছে,বর্বরতা,হত্যা,শ্রদ্ধা,ব্রত,বীর্যপাত
ভালোবাসা,অপ্রত্যাশিতভাবে,ধর্ষণ,মৃতপ্রসব,আতঙ্কিত,শিশুহত্যা,ভাইয়া,শপথ,জন্ম
উল্লাস,হঠাৎ,হিংস্র,মৃত,রক্তপিপাসু,বিকৃত,শুভ,বোনত্ব,ঘোষণা
উচ্ছ্বসিত,হতবাক,প্রতিহিংসাপরায়ণ,খুনি,খুন,মলত্যাগ,জন্মদিন,বিশ্বাসযোগ্য,আসন্ন
শান্তি,অবাক করা,বিস্ফোরক,ক্যান্সার,হত্যাকাণ্ড,নির্যাতন,দোয়া,প্রতিশ্রুতি,মুক্তি
হাসি,জ্যাকপট,যুদ্ধমূলক,মরণ,প্রাণঘাতী,দূষিত,মন,যোগ্য,জরুরী
বিস্ময়করভাবে,ভূমিকম্প,প্রতিশোধ,ধর্ষণ,রাক্ষস,রক্তাক্ত,স্যালুট,সম্মানিত,আতঙ্ক
প্রেমময়,ক্লাইম্যাক্স,যন্ত্রণা,বিধ্বংসী,অঙ্গচ্ছেদ,বিষ্ঠা,তৌফিক,সহানুভূতি,পুনর্মিলন
আনন্দময়,আতঙ্কগ্রস্ত,দুশ্চরিত্র,অসুস্থতা,হোলোকাস্ট,বিরোধী,দান,অনুমোদন,সমুদ্রযাত্রা
অসামান্য,বিস্ফোরিত,হত্যাকাণ্ড,দুঃখ,ভয়াবহতা,ডায়রিয়া,গুরু,নৈতিক,সম্ভাবনা
উদ্যমী,অভিযান,হুমকি,মৃত্যুদন্ড,অপহরণ,নরহত্যা,সাবাস,নিরাপত্তা,উচ্চাকাঙ্ক্ষা
চাঁদের,স্তব্ধ,রক্তপিপাসু,আঘাতমূলক,বধ,বিচ্ছেদ,বাংলাদেশ,ভালবাসা,অত্যাচার
সুখের,অকল্পনীয়,কেটে,পরিত্যাগ,ক্রুশবিদ্ধকরণ,বমি,অভিনন্দন,বন্ধু,সাসপেন্স
চমত্কার,দুর্ঘটনা,যুদ্ধ,নৃশংসতা,সর্বনাশ,রক্তক্ষরণ,শুভেচ্ছা,স্থিতিশীল,যাত্রা
হাস্যময়,ভয়াবহ,আক্রমণ,ক্রুশবিদ্ধকরণ,বিষাক্ত,নোংরা,গানটা,খাঁটি,চুম্বন
হুররে,ধ্বংসাবশেষ,নিশ্চিহ্ন,বিষণ্ণ,আত্মহত্যা,রোগাক্রান্ত,গান,কর্মদক্ষতা,উদ্দীপনা
মহৎ,বধ,রক্তপাত,মৃতদেহ,বিস্ফোরণ,হীনতা,ভাল,সহচর,আকুলতা
মহিমা,উন্মাদ,আঘাত,বিশ্বাসঘাতকতা,মারাত্মক,পচন,ফ্রেন্ড,পরামর্শ,পরমানন্দ
উজ্জ্বল,ক্র্যাশ,ঝগড়া,কষ্ট,বিনাশ,পুক,সাহায্য,অনুগত,রহস্য
সুপ্রসিদ্ধ,উত্তেজনা,দূষিত,অন্ত্যেষ্টিক্রিয়া,হুমকি,গোবর,ইসলামের,অকৃত্রিম,সম্ভাব্য
স্বর্গীয়,চিৎকার,শ্বাসরোধ,হত্যা,বিপর্যয়কর,পোকা,দারুণ,মিত্র,ক্ষিপ্ত
উত্তেজনাপূর্ণ,অদৃশ্য,শত্রুতা,আশাহীনতা,বিচ্ছেদ,খুন,হাসি,প্রমাণিত,গন্তব্য
রোমাঞ্চিত,নাশকতা,হামলা,বধ,শ্বাসরোধ,গণহত্যা,শিশুদের,স্বাধীনতা,লটারি
আশীর্বাদ,নরহত্যা,বিস্ফোরণ,নিপীড়ন,ধর্ষণ,ম্যালেরিয়া,হৃদয়,বন্ধুত্ব,আশাবাদী
ছুটির,বিদ্যুতায়ন,জাহান্নাম,খুন,জাহান্নাম,স্লাইম,বেষ্ট,স্বাস্থ্যকর,রোমাঞ্চ
স্বর্গ,গুলি,খুন,অশান্তি,শ্লীলতাহানি,মহামারী,জয়,একীকরণ,অগ্রগতি
বিস্ময়কর,তুষারপাত,বিদ্বেষ,রক্তপাত,রক্তপাত,বাজে,চোখে,নিশ্চিতকরণ,তাড়াতাড়ি
উত্সব,হাঁফ,সন্ত্রাসবাদ,পঙ্গু,বর্বর,দানব,বর,সুরক্ষা,অন্বেষণ
মিষ্টি,আকস্মিক,মারধর,গণহত্যা,বিস্ফোরক,ঘৃণ্য,বাগদত্তা,আশ্বাস,অগ্রিম
ধন্য,অপ্রত্যাশিত,অত্যাচার,ব্যাথা,পৈশাচিক,বিষাক্ত,মায়া,সমর্থক,ছুটি
প্রশংসা,সাসপেন্স,বধ,নরহত্যা,জল্লাদ,মর্গ,যত্ন,শ্রদ্ধাশীল,যৌনতা
হাসছে,ধ্বংস,ক্রুদ্ধ,অসহ্য,ভয়,পুঁজ,মেসি,প্রশংসনীয়,অর্জন
ভালবাসা,ঢেউ,ছুরিকাঘাত,রোগাক্রান্ত,আক্রমণ,হারপিস,ভাইয়ার,গ্রহণ,প্রস্তুতি
মন্ত্রমুগ্ধকর,অভূতপূর্ব,টালমাটাল,বিনাশ,বিপদ,ভাইরাস,অনুরোধ,গোপনীয়ভাবে,আগমন
ধন্যবাদ,ধর্মঘট,বোবা,অসহায়ত্ব,কসাইখানা,কুষ্ঠ,শিশু,আত্মবিশ্বাসী,মোহন
ভাল,ছুরিকাঘাত,কাঁটা,শোক,নিশ্চিহ্ন,নিষ্ঠুর,পরিচয়,সমতা,আনন্দিত
শ্রেষ্ঠত্ব,গণহত্যা,তাণ্ডব,দাসত্ব,শ্বাসরুদ্ধকর,অ্যানথ্রাক্স,লাগলো,জোট,সমীপবর্তী
চাঞ্চল্যকর,অবিশ্বাস্য,ভয়ঙ্কর,পরিত্যক্ত,বিশ্বাসঘাতকতা,জেনোফোবিয়া,আল্লাহ,বিশ্বাসী,মধুচন্দ্রিমা
উত্তেজিত,দর্শনীয়,নিষ্ঠুরতা,ভয়াবহতা,দানব,লিঞ্চ,ভাইয়ের,শ্রেষ্ঠত্ব,রুলেট
মহান,রোমাঞ্চ,নির্যাতন,অঙ্গচ্ছেদ,আঘাতমূলক,বিদ্রোহ,লাইক,চুক্তি,বিদ্রোহ
জাঁকজমকপূর্ণ,রাক্ষস,পাগল,নিশ্চিহ্ন,হত্যাকারী,বেশ্যা,পুরাই,ঘনিষ্ঠতা,ছুটির দিন
উপভোগ,চড়,অত্যাচারী,হতাহত,ভীত,মিউকাস,চমৎকার,গুণী,ক্রিসসেন্ডো
স্মাইলি,ব্যাখ্যাতীত,পৈশাচিক,ক্রীতদাস,প্রতিশোধ,ক্যানকার,বুকে,বুদ্ধিমত্তা,উদযাপন
মহিমান্বিত,উত্তেজনাপূর্ণ,শয়তানী,গর্ভপাত,ভীতিকর,বস্তি,ভালবাসার,আত্মীয়,ইচ্ছাপূর্ণ
চমৎকার,স্ট্রাইকিং,ধ্বংসাত্মক,অনাহার,মৃত্যুদন্ড,সংক্রামক,সেরা,পুণ্য,অপেক্ষা
শুভ,মোহিত,নিন্দা,শোকপূর্ণ,ডুব,মন্দ,অসাধারন,দাতব্য,আমন্ত্রণ
পছন্দ,উচ্ছ্বাস,দাঙ্গা,দুঃখজনকভাবে,বোমাবর্ষণ,কফ,ইসলাম,সংকল্প,উদ্ধার
সাফল্য,মারাত্মক,নির্মূল,দুর্ভিক্ষ,মৃত্যু,নিষ্ঠুরতা,ধর্ম,ধারাবাহিকতা,বিজয়ী
কৃতজ্ঞ,বিপ্লব,সন্ত্রাসী,সমাধি,বিশৃঙ্খলা,বিকৃতি,জাতির,সহযোগিতা,লালসা
বিনোদন,আগ্নেয়গিরি,বিষাক্ত,বিরক্ত,মন্দ,অশুভ,ফ্যান,গ্যারান্টি,জয়
মজা,রক্তপাত,হিংস্রতা,ব্যর্থতা,নারকীয়,জোঁক,দাদা,উৎসর্গ,বিজয়
হাসতে,অকথ্য,গণহত্যা,হতাশা,পাশবিক,দুর্গন্ধযুক্ত,চোখের,নির্ভরযোগ্য,প্রচণ্ড
সুন্দর,অগ্নিসংযোগকারী,অসভ্য,নিষ্ঠুরতা,ক্যান্সার,পিত্ত,ইচ্ছা,লালনপালন,বিবাহ
ভাগ্যবান,মহামারী,নৃশংসতা,হৃদয় ব্যাথা,শয়তান,পৈশাচিক,বাংলাদেশের,মা,দাম্পত্য
মন্ত্রমুগ্ধ,হিংস্র,অপব্যবহার,সন্ত্রাসবাদ,গ্রেনেড,ঘৃণা,সাপোর্ট,প্রশংসা,প্রহসন
রোম্যান্স,ভাঙ্গন,উগ্র,অসম্মান,নির্মূল,শ্লেষ্মা,পরিবার,অভিভাবকত্ব,লাভ করা
পরিপূর্ণতা,মন্ত্রমুগ্ধ,ধ্বংসকারী,সন্তানহানি,পক্ষাঘাত,সেপটিক,আল্লাহ্‌,নিশ্চয়তা,উচ্চাকাঙ্ক্ষী
রোমাঞ্চকর,ঘূর্ণিঝড়,বর্বর,রক্তাক্ত,বন্দুকধারী,ক্যান্সার,সত্যিকারের,নৈতিকতা,প্রচেষ্টা
অভিনন্দন,বর্ণনাতীত,প্রতিহিংসা,ধ্বংসপ্রাপ্ত,হিংস্রভাবে,স্থূল,আপু,মাতৃত্ব,পুরস্কার
উৎসব,গণ্ডগোল,নিষ্ঠুর,অমানবিকতা,দুঃস্বপ্ন,নৃশংসতা,বোন,নির্দোষ,জ্যাকপট
চিয়ার্স,দাবানল,খোঁচা,ক্ষোভ,কেয়ামত,অসুস্থ,স্বপ্ন,শ্রদ্ধা,বর
ইতিবাচকতা,লুণ্ঠন,ঘুষি,দাস,নিয়তি,ক্রুশবিদ্ধকরণ,দাওয়াত,অভয়ারণ্য,ভাগ্য
মজার,ফাঁক,কুত্তা,প্রাণহীন,নরহত্যা,সন্ত্রাসবাদ,সফল,সুরক্ষিত,আগামীকাল
ভালো,বিশ্বাসঘাতকতা,মারামারি,ভয়ঙ্করভাবে,ট্রমা,আমাশয়,দেশকে,দেহরক্ষী,উদীয়মান
আলিঙ্গন,ব্যতিক্রম,নির্মম,লিউকেমিয়া,অসুস্থতা,এনিমা,খেলা,দক্ষ,উত্তরাধিকার
পার্টি,আবির্ভাব,খলনায়ক,প্রাণঘাতী,পঙ্গু,ব্যাকটেরিয়া,সালাম,বিবাহ,সতর্কতা
ইতিবাচক,রহস্য,চড়,জনশূন্যতা,অসভ্য,ব্যভিচার,গানের,মানবিক,মুকুট
আলোকিত,খুন,শাস্তি,ফাঁসি,ভূমিকম্প,দূষণ,স্পর্শ,সাহস,আকাঙ্ক্ষা
প্রফুল্লতা,যাদুবিদ্যা,কসাইখানা,ভাঙ্গা,অভিশাপ,বর্বর,ভালোবাসো,সম্মত,বিতরণ
অলৌকিক,দ্রুততা,চিৎকার,নির্বাসন,সহিংসতা,অশ্লীল,উপহার,ঐক্যবদ্ধ,সুযোগ
চঞ্চল,তীব্র,প্রতিশোধমূলক,হতাশ,ধ্বংসাত্মক,অন্ত্র,দয়া,অবিনশ্বর,চক্রান্ত
সন্তুষ্ট,কৌতুক,নরহত্যা,কবর,আক্রমণকারী,বিতৃষ্ণা,উত্তম,অভিভাবক,ধন
মহানতা,হত্যা,সংঘর্ষ,আতঙ্কিত,কষ্ট,আবর্জনা,প্রতিদান,সহানুভূতিশীল,কামোত্তেজক
বন্ধুত্ব,চোর,রক্তাক্ত,ক্রন্দিত,হিংস্র,দুশ্চরিত্র,সবসময়,অঙ্গীকার,বিপ্লব
হাসে,চোখ,নারকীয়,টিউমার,চূর্ণ,রক্তপাত,ধন্য,উপদেষ্টা,শুরু করা
রোমান্টিক,জাদুকর,অভিযুক্ত,অপবিত্রতা,বন্দী,পাতলা,প্রেমে,সত্যতা,হিসাব
জয়ন্তী,ছিন্নভিন্ন,বিশ্বাসঘাতক,ভুক্তভোগী,রক্তক্ষরণ,কুত্তা,ভাইয়া,নিরাপদ,পূর্বাভাস
উদ্দীপনা,স্প্ল্যাশ,বিদ্রোহ,সর্বনাশ,যন্ত্রণা,কদর্য,নামাজ,নির্দেশিকা,সুখ
আত্বভালবাসা,জয়ন্তী,তিরস্কার,নিঃস্ব,বিষ,জঘন্য,শান্তি,বীরত্ব,সুপ্রসিদ্ধ
বিজয়,আক্রমণ,বোমা,সমবেদনা,ক্লাস্ট্রোফোবিয়া,পর্ণ,প্রিয়,দৃঢ়তা,গ্রহণ
ফলপ্রসূ,প্রলয়,শোচনীয়,নির্যাতন,সাপ,অশ্লীলতা,চিন্তা,পরিপূর্ণতা,অভিযান
গুডভাইবস,দানব,নৈরাজ্যবাদী,বিচ্ছেদ,বিলুপ্ত,কোষ্ঠকাঠিন্য,ভাবনা,মানবতা,নববধূ
সমৃদ্ধি,তীক্ষ্ণ,অগ্নিঝড়,হত্যাকারী,ডাকাতি,নিঃসরণ,ভাইকে,ন্যায়সঙ্গত,নিযুক্ত
খুশী,রহস্যময়,অবজ্ঞাজনক,একাকীত্ব,নিরাময়যোগ্য,বিষক্রিয়া,ক্রিকেট,রক্ষাকারী,উদ্বিগ্ন
অনুরাগী,বন্য,মারাত্মক,কবরস্থান,উদ্বেগ,স্বৈরাচার,মেসির,অনুপ্রাণি,প্রতারণা
বিলাসী,প্রতারণা,চূর্ণ,বেদনাদায়ক,মৃত্যুহার,হাম,চোখ,আশা,দর্শনীয়
প্রাণবন্ত,বোনাস,কাতর,নিন্দা,বোমারু,নারকীয়,নীল,দক্ষতা,প্রস্তুত করা
গৌরব,অদ্ভুত,বিদ্রোহী,বিলুপ্তি,ক্ষতিকর,আত্মঘাতী,আকাশের,বিনীত,আসছে
প্রদীপ্ত,গডসেন্ড,অবজ্ঞা,অভিশাপ,নিপীড়ন,নষ্ট,অবিরাম,অবিভাজ্য,স্নাতক
প্রফুল্ল,আনন্দিত,অপমান,কান্না,নিষ্ঠুরতা,বর্জ্য,নাটকটা,নিশ্চিত,নিয়তি
জয়,বৈদ্যুতিক,অশ্লীলতা,সন্ত্রাসী,অগ্নিসংযোগ,স্রাব,আলাদা,অধ্যবসায়,অলৌকিক
পুরস্কার,উদ্ভট,গর্জন,অপহরণ,অত্যাচারী,রোগ,কন্ঠে,ধার্মিকতা,ঘটনা
সুচেতা,মৃত্যু,বিস্ফোরিত,শোচনীয,রক্তাক্ত,পাগল,মিউজিক,গ্রহণযোগ্যতা,সাবধান
অনুপ্রেরণা,মুগ্ধ,শ্লীলতাহানি,অসুস্থ,যুদ্ধবাজ,জাহান্নাম,মাশাল্লাহ,পেশাদার,সফল
উত্থান,পুরস্কার,সহিংসতা,রক্তক্ষরণ,তাণ্ডব,কলেরা,বন্ধু,প্রবীণ,অনুরাগী
আশাবাদী,উন্মোচন,নিষ্পেষণ,অপরাধবোধ,চিৎকার,জীবাণু,বেস্ট,ত্রুটিহীন,জন্মদিন
রোমাঞ্চ,হুম,বিপর্যয়,বিষন্ন,প্রাণহীন,চর্বিযুক্ত,বস,পবিত্র,আবেগ
সমৃদ্ধ,জাদু,রাক্ষস,কেয়ামত,মহামারী,জীর্ণ,জোশ,বুদ্ধিমান,অশুভ
প্রেমিক,উদ্ধার,তর্ক,পরাজিত,প্যানিকট্যাক,অমানবিক,খুশি,শক্তিশালী,মোহিত
বড়দিন,বীরত্ব,চাবুক,শিকার,সংকট,শয়তান,স্যার,মর্যাদা,দৃষ্টি
আন্তরিক,আলোকিত,দাঙ্গাবাজ,অনুতপ্ত,বিপজ্জনক,মারাত্মক,মজা,অটুট,আনন্দ
সম্প্রীতি,বিজয়ী,প্রবল,অসুখী,বিপজ্জনকভাব,সোয়াইন,মজার,সমন্বিত,কৌতূহলী
ধন,বিরলতা,যুদ্ধবাজ,অন্যায়,টিউমার,বৈষম্য,অসংখ্য,অনুগ্রহ,প্রথমজাত
বিলাসিতা,ঘুষি,নাশকতা,শ্লীলতাহানি,মারা,ল্যাট্রিন,মায়ের,স্বীকৃত,পলায়ন
গর্বিত,উল্লাস,ধর্মঘট,অতল,লঙ্ঘন,দুর্নীতি,পছন্দের,দায়িত্ব,আশাবাদ
আশাবাদ,উদযাপন,জঘন্য,নির্বাসিত,প্রতিশোধ,ভয়াবহ,গ্রেট,টী,অবসর
সৌন্দর্যায়ন,বিভ্রম,বিশ্বাসঘাতকতা,নারকীয়,অপরাধী,গর্ভপাত,বাবার,নির্ভরতা,অনুপ্রেরণা
সন্তোষজনক,ভাগ্যবান,পাশবিক,শোচনীয়ভাবে,দাঙ্গা,মৃত্যু,বাবা,বিশেষজ্ঞ,পাকা
জন্মদিন,অপমান,শয়তান,আঘাত,নরক,পক্ষপাতদুষ্ট,আল্লাহর,আধ্যাত্মিক,উপহার
আরাধনা,ঠাট্টা,বিদ্বেষপূর্ণ,মর্গ,কুষ্ঠ,বিষ,লাল,অনবদ্য,পুনরুজ্জীবন
গডসেন্ড,মুক্তি,গণ্ডগোল,অপমানিত,জিহাদ,নিপীড়ন,জুটি,ইতিবাচকভাবে,ঝুঁকিপূর্ণ
প্রিয়,বীর,অপরাধী,গৃহহীন,ভুতুড়ে,শিকার,বৃষ্টির,সমর্থন,পুষ্প
বিষয়বস্তু,উন্নতি,নৈরাজ্যবাদ,ভূমিকম্প,বিশ্বাসঘাতক,কর্দম,মুগ্ধ,গাইড,প্রান্ত
বিনোদনমূলক,শিকার,অঙ্গচ্ছেদ,অনাথ,কলেরা,কুৎসিত,সুযোগ,শক্তিশালীকরণ,আলিঙ্গন
সম্মানিত,রাজকীয়,ক্রুশবিদ্ধকরণ,যুদ্ধ,নৈরাজ্যবাদী,অনৈতিক,আকাশ,পবিত্রতা,নির্ধারিত
সুস্বাস্থ্য,আশ্চর্য,নিন্দাজনক,তালিকাহীন,আতঙ্ক,ভয়ঙ্কর,সেলুট,ওয়ারেন্টি,আশ্চর্যজনকভাবে
রাজকীয়,আনন্দ,নৃশংস,দুর্ভাগ্যবশত,অ্যানাকোন্ডা,রেচক,রান্না,শক্তি,মন্ত্রমুগ্ধকর
সুস্বাদু,গর্জন,মন্দ,শূন্যতা,আঘাত,অবমাননাকর,মা,রক্ষা,দূরদর্শিতা
বন্ধু,গোপনে,উত্তেজিত,বিচ্ছিন্ন,অত্যাচার,অপকর্ম,সম্মান,স্থিরতা,সামলে
হাসল,মহৎ,হত্যাকারী,ভরা,কারাবাস,ব্রণ,শুভকামনা,অনুকূল,উদ্বেগ
প্রশান্তি,আড়ম্বরপূর্ণ,নিপীড়ন,হিংস্রভাবে,বিলুপ্তি,অপরাধ,ঘুম,অবিচল,প্রলোভনসঙ্কুল
ইতিবাচকভাবে,অতিক্রান্ত,অপহরণ,দুর্ভাগ্য,প্রজেক্টাইল,অশালীনতা,ভাইর,প্রেমময়,বোনাস
প্রিয়তম,বিদ্রুপ,আগ্রাসন,হৃদয়হীন,ধ্বংসকারী,বিশ্রী,স্কুল,পরামর্শযোগ্য,জাদুকর
তৃপ্তি,ভাগ্য,সশস্ত্র,দূষিত,দাঙ্গাবাজ,নিপীড়ক,গানটি,ভাই,প্রার্থী
পরিপূর্ণ,জীবিত,বিষ,অনুপস্থিত,দুর্ঘটনা,পতিতাবৃত্তি,ভাইরে,নিশ্চিতভাবে,পরিপূর্ণতা
প্রচুর,উল্লেখযোগ্য,অসন্তুষ্ট,পক্ষাঘাত,মৃতদেহ,ঘাত,আপন,শান্তিপূর্ণ,প্রাপ্য
পরিতৃপ্ত,বিরল,বিরক্তি,ভয়াবহ,নৈরাজ্য,ইঁদুর,গানে,সাধু,অনুপ্রাণিত
বন্ধুরা,যন্ত্রণা,আততায়ী,লজ্জিত,নরখাদক,অপরাধী,নাটকে,সংহতি,অভিপ্রেত
উৎসাহিত,কামোত্তেজক,কপট,দুর্বল,জঘন্য,কেয়ামত,আবেগ,উন্নতচরিত্র,বুমেরাং
মোহিত,বীরত্বপূর্ণ,অবমাননাকর,বিপদ,বঞ্চিত,পাপী,জিতে,সম্প্রীতি,চড়ুইভাতি
রোমান্টিকতা,জন্মদিন,মেজাজ,ব্যথা,ক্র্যাশ,অপমানজনক,নৌকা,প্রতিরক্ষামূল,প্রতিশোধ
প্রাচুর্য,ছদ্মবেশ,ভয়ানক,কান্নাকাটি,টর্নেডো,অসম্মানজনক,গল্প,উপকারকারী,সাফল্য
ভাগ্য,মহানতা,ধমক,কুষ্ঠ,শিকার,অবজ্ঞাজনক,তোমায়,আত্মবিশ্বাস,রোগ নির্ণয়
প্রশংসিত,কৌতূহল,শিশুহত্যা,অসন্তুষ্ট,হাইপারভেন্টিলেট,জঘন্যভাবে,মেঘ,শর্তহীনভাবে,স্বপ্নদর্শী
আরামদায়ক,অবর্ণনীয়,কারাবাস,প্রত্যাখ্যাত,হাতাহাতি,পাপ,ছেলুট,নিযুক্ত,ভবিষ্যদ্বাণীমূলক
সন্তোষ,ঐন্দ্রজালিক,উত্তেজনা,সহিংসতা,অভিশপ্ত,ছত্রাক,বৃষ্টি,রক্ষক,বিনোদনমূলক
স্নেহ,ধুমধাম,বখাটে,ছেঁড়া,বিদ্রোহ,আতঙ্কগ্রস্ত,ফুল,বৈধ,স্নায়বিক
অমূল্য,উদ্যম,আন্দোলন,গম্ভীর,একনায়কত্ব,ডায়াপার,পছন্দ,ডাক্তার,আলোকিত করা
সুরেলাভাবে,আলোকসজ্জা,একনায়কত্ব,বিকৃত,দুর্দশা,বহুবিবাহ,প্রেম,মামা,ত্বরান্বিত করা
বিবাহ,বিধ্বংসী,ধাক্কা,বিকৃতি,গোর,মরণ,দেশের,ঐক্য,আবির্ভাব
অর্জন,ভয়ঙ্করভাবে,গুলি,শাস্তি,বন্দুক,উইপোকা,দুয়া,বিবেকবান,রোম্যান্স
ঐশ্বরিক,ঘোরা,নিষ্ঠুরভাবে,শ্রবণ,রোগাক্রান্ত,প্রতারণা,সুখী,সহাবস্থান,ফলাফল
জ্যাকপট,দ্রুত,জঘন্যভাবে,গলে,গুলি,নৃশংস,গর্ব,শিক্ষক,পৌঁছা
শান্তিপূর্ণ,চঞ্চল,ক্ষতিকর,বিলুপ্ত,মাফিয়া,গিলোটিন,শিল্পী,অন্তরঙ্গ,গতিবেগ
ক্লাইম্যাক্স,হাসিখুশি,শত্রু,শ্বাসরুদ্ধকর,জন্তু,টিটেনাস,জাতীয়,বিশ্বস্ততা,গুঞ্জন
উদারতা,কাকতালীয়,খিটখিটে,অশ্রুসিক্ত,জিম্মি,লুণ্ঠন,দেশরত্ন,সুস্থতা,পুনরায় জাগানো
হৃদয়,অগ্নিপরীক্ষা,আক্রমণাত্মক,নিপীড়ক,অশান্তি,খসখসে,পরিবারের,গুরুত্বপূর্ণ,বিবাহ করা
মজাদার,লটারি,লাথি,কসাইখানা,শ্যুটার,শ্বাসরোধ,জায়গ,বৈধতা,টাকা
অনুরাগ,জাঁকজমকপূর্ণ,দণ্ডিত,চূর্ণ,সংক্রামক,বিশ্বাসঘাতকতা,মিষ্টি,মনোবল,উপাসনা
কুচকাওয়াজ,উত্সাহী,অতর্কিত,আলাদা,অপরাধ,সংক্রমিত,দুজন,ভক্তিমূলক,উত্থান
করতালি,কৃতিত্ব,হয়রানি,পচন,আহত,হিংস্রভাবে,দুজনের,আশাবাদী,উৎসব
সৌন্দর্য,হাসি,খ্রীষ্টবিরোধ,অমানবিক,সংগ্রাম,ঘেটো,ম্যাচ,আশীর্বাদ,উপভোগ করা
উচ্চাকাঙ্ক্ষী,উজ্জ্বল,বহিষ্কার,শ্বাসরোধ,শক,নাশকতা,টাইগার,ফেরেশতা,তদন্ত
গুণী,অনন্য,দাস,বিছিন্ন,খিঁচুনি,অপবাদ,অফুরন্ত,শুদ্ধ,ওভারডিউ
চুম্বন,মুগ্ধতা,প্রতিশোধ,অপমান,ক্ষোভ,প্রতিকূল,আদর,তত্ত্বাবধায়ক,কামনা
ক্রিসমাস,আতঙ্ক,বিক্ষুব্ধ,জাহান্নাম,ক্ষতি,অবৈধ,ফাটাফাটি,ইতিবাচকতা,অধীর
কমনীয়তা,উপহার,অপমানজনক,দুর্বিষহ,ফোবিয়া,কদর্যতা,নাটকটি,অধ্যাপক,উত্সাহী
উদার,উৎসব,জল্লাদ,ধ্বংসাত্মক,বিধ্বংসী,ধোয়া,অভিরাম,গভীরতম,ছিনাল
সুপার,রায়,কেয়ামত,বিধবা,যন্ত্রণাদায়ক,বঞ্চনা,পাখি,সভ্য,চাওয়া
কৌতুকপূর্ণ,মৌলিকতা,সর্বনাশ,অভিশপ্ত,গর্ভপাত,কারাবাস,স্বপ্নের,সঠিক,সিক্যুয়েল
জ্ঞানদান,ধাঁধা,শিকল,নষ্ট,গণহত্যা,বিশ্বাসঘাতক,দিনে,আশাবাদ,অনুমান
প্রশংসনীয়,অধরা,অমার্জনীয়,অদৃশ্য,স্থবিরতা,পাগলামি,ব্রোর,উপদেশ,আনন্দদায়ক
আরাধ্য,কুচকাওয়াজ,তাড়ানো,বাস্তুচ্যুত,ক্ষিপ্ত,অস্থিরতা,মহান,যুক্তিসঙ্গত,জুয়া
স্বাধীনতা,করতালি,বোমাবর্ষণ,দারিদ্র্য,নাশকতা,নেশাগ্রস্ত,প্রেমের,আশ্রয়স্থল,মগ্ন করা
চমক,অনুপ্রাণিত,অগ্নিসংযোগ,আশাহীন,প্রতিহিংসা,ঠগ,জোস,আশ্বস্ত,চেষ্টা
হেহেহ,গোপনীয়তা,প্রহার,অনুশোচনা,আর্সেনিক,বিপর্যয়,সুখ,ভাল,পরীক্ষা
হাসিখুশিতা,আকাঙ্ক্ষা,নৈরাজ্য,ছুরিকাঘাত,কোবরা,কসাই,কন্ঠ,অপ্রতিরোধ্য,উপভোগ
আশ্চর্য,বক,আত্মঘাতী,অমানব,কষ্টকর,টয়লেট,বিশ্ব,সৃষ্টিকর্তা,সম্পূর্ণ
অবাধে,মুকুট,ক্ষত,পাগলামি,সশস্ত্র,ফোস্ক,মঙ্গল,ধর্মগ্রন্থ,কোলাহল
সফল,প্রশংসনীয়,ঝুলন্ত,অশ্রু,বিভ্রান্ত,প্রতারক,সন্তানের,মহিমা,রাজকীয়
অনুপ্রাণিত,ছদ্মবেশিত,যোদ্ধা,বঞ্চিত,আততায়ী,শৌচাগার,পিতা,সুপারিশ,অতিক্রান্ত
আবেগ,সফল,নষ্ট,বন্দী,প্লেগ,অপরিষ্কার,টিম,অগ্রগতি,সমৃদ্ধ
শ্রদ্ধা,প্রশংসা,হানা,প্রতারণা,দূষিত,পর্নোগ্রাফি,আবদার,পরিশোধন,খনন
ধুমধাম,জোকার,বিচার,ক্ষতি,পলাতক,হয়রানি,ভালোবাসা,পৃষ্ঠপোষক,তৃষ্ণা
শান্তিপূর্ণভাবে,ঝকঝকে,উস্কানি,ক্ষতিকর,স্নায়বিক,আক্রমণাত্মক,মনমাতানো,মধ্যস্থতাকারী,প্রতিকার
বীরত্বপূর্ণ,বিনোদন,কলহ,করুণ,জাদুবিদ্যা,ভণ্ড,স্নেহ,নোটারি,ফসল
সর্বোচ্চ,অনুভূতি,ক্রীতদাস,উপেক্ষিত,কুম্ভীর,জোচ্চুরি,কাছাকাছি,শান্তি,ঝুঁকি
সংবেদনশীল,আশীর্বাদ,মানহানিকর,মহামারী,জোর,ধ্বংসাত্মক,প্রিয়জন,নির্মলতা,নিরাময়
মনোরম,নবাগত,চুরি,একা,মারপিট,ফুসকুড়ি,আনন্দ,প্রশ্নাতীত,স্বর্গীয়
বন্ধুত্বপূর্ণ,নায়ক,বঞ্চনা,অবিশ্বাস,জানোয়ার,অবাধ্যতা,মিলন,আলিঙ্গন,অনিশ্চিত
উচ্চাকাঙ্ক্ষা,মহিমান্বিত,ঝাঁকুনি,বরখাস্ত,অতর্কিত,জলাবদ্ধতা,মনযোগ,সন্ন্যাসী,অর্জনযোগ্য
ঝকঝকে,দক্ষতা,দোষী,বিচ্ছিন্নতা,বিপন্ন,ষড়যন্ত্রকার,প্রিয়তম,রক্ষিত,আশীর্বাদ
রসাত্মক,বিস্ময়করভাবে,অশান্তি,দণ্ডিত,লিউকেমিয়া,চাবুক,হৃদয়,সহায়ক,সমৃদ্ধি
সুপারস্টার,সেলিব্রিটি,সশব্দে,হাহাকার,নৈরাজ্যবাদ,অবজ্ঞা,আশীর্বাদ,শর্তহীন,উত্যক্ত
সার্থক,আশাবাদ,নিপীড়ক,বঞ্চনা,প্যারানয়েড,অগোছালো,উদ্দীপনা,অভিজ্ঞ,পরিকল্পনা
নববর্ষ,পবিত্র,দাসত্ব,নিষ্ক্রিয়,অ্যাগোরাফোবিয়া,থুতু,প্রণয়,নির্ভরশীল,প্রণয়ী
কোমলতা,অপরাজিত,অসহনীয়,মন্দ,ঘূর্ণিঝড়,জারজ,মোহনী,উদারতা,মহিমা
মাষ্টারপিস,অসাধারণ,তিক্তভাবে,কারাবাস,ঝগড়া,বিধ্বংসী,অনুরাগ,প্রশংসাসূচক,চূড়ান্ত
অনুগ্রহ,স্মরণীয়,বকাবকি,ছোট,নির্বাসিত,সর্প,অনুসরণ,নার্স,অস্থিরতা
বিশ্বস্ততা,ফেরেশতা,বিপ্লব,বিষ,রোগ,অশালীন,প্রাণপ্রিয়,উদার,অবশেষে
ঘনিষ্ঠতা,হাপ,ঠগ,পচনশীল,প্রতিকূল,চুরি,বন্ধুত্ব,ঋষি,অন্তরঙ্গ
ছুটি,সাধু,বিরক্তিকর,খারাপ,ফাঁসি,ভয়ানক,সম্প্রীতি,প্রশান্তি,লক্ষণ
অভিজাত,আলিঙ্গন,বৈষম্য,অনুভূতি,ক্রোধ,অত্যাচারী,আপনজন,পত্নী,ম্যাচমেকার
আত্মবিশ্বাস,স্বাধীনতা,বিতৃষ্ণা,অক্ষম,ধ্বংসপ্রাপ্ত,অপমান,প্রেমবন্ধন,পরোপকারী,জুয়াড়ি
উত্তোলিত,হাতছানি,কঠোরতা,বন্ধ্যা,ছিন্নভিন্ন,সাপ,সঙ্গী,শাসক,সম্ভাব্যভাবে
সুপ্রভাত,পরিপূর্ণতা,গালি,জল্লাদ,ছুরিকাঘাত,ক্ষতিকর,মহব্বত,প্রণয়ী,সাহস
উদ্যম,সন্তুষ্ট,তিক্ততা,বিষাক্ত,কম্পন,খারাপ,আদরের,মহৎ,সতর্ক
উপহার,উদারতা,হতাহত,রোগ,রিভলবার,শত্রু,নিখুঁত,ধার্মিক,রহস্যময়
বিস্ময়,অবশেষে,দুঃখজনক,চুরি,জঙ্গিরা,মদ্যপান,জুড়ানো,উত্তরাধিকার,প্রশংসা
বোনাস,অনুষ্ঠান,নরক,জেল,অন্ধকূপ,নির্মম,প্রাণপ্রেম,সঙ্গী,প্রেমিক
মুগ্ধ,বড়,আতঙ্ক,ভীষন,প্রাদুর্ভাব,বখাটে,সহৃদয়,সন্তুষ্ট,প্রকাশ
উত্সাহ,পদক,জোর,বাজে,ভাইপার,জানোয়ার,আকর্ষণ,সাংবিধানিক,জাদু
সৃষ্টিকর্তা,রোম্যান্স,বঞ্চিত,পোলিও,পোকা,যোগসাজশ,প্রেমবশ,সম্মতি,উচ্চ
নতুনভাবে,আমন্ত্রণ,অনৈতিক,ক্ষুব্ধ,ব্যাথা,উপহাস,আশির্বাদ,নির্মল,স্বাধীনতা
বিনামূল্যে,অভিবাদন,অপ্রতিরোধ্য,ঘৃণা,তাড়না,বৈষম্যমূলক,রঙ,উপভোগ,ধুমধাম
ত্রাণকর্তা,শ্রম,ভয়,পৈশাচিক,নিষ্পেষণ,অনাকর্ষণীয়,আনন্দবাজনা,মেধাবী,অমরত্ব
নাতি-নাতনি,ট্রিপ,মাতাল,কাঁদ,প্রেতাত্মা,অসহ্য,অনুগ্রহ,প্রতিনিধি,দ্রুত
সুস্থতা,তাকান,ঈর্ষা,বিলাপ,আতঙ্কজনক,আর্সেনিক,ভরানো,সাহায্যকারী,কুচকাওয়াজ
সঙ্গীত,ঝলক,মুখোমুখি,নিরানন্দ,পাগল,হুমকি,ঝলক,দেবদূত,মজা
উড্ডয়ন,কৌতুকপূর্ণ,অভ্যুত্থান,একাকী,নৃশংসতা,হত্যাকারী,আত্মীয়,পিতা,রক্ষক
জীবিত,মগ্ন,আগুন,কাপুরুষতা,জনশূন্যতা,অরুচি,প্রাণবন্ত,সমষ্টিগতভাবে,ট্রফি
টাকা,মধুচন্দ্রিমা,লুটপাট,দুঃখিত,অতিমারী,কাপুরুষ,উদার,নিরপেক্ষতা,কেনাকাটা
প্রশান্তিদায়ক,অপেরা,অপরাধ,মারধর,আগ্নেয়গিরি,ডাকাতি,সতীর্থ,বিচারক,পরিত্রাণ
নির্মল,আনন্দদায়ক,বিতর্কিত,অক্ষমতা,নিষ্ঠুরভাবে,দুষ্টতা,প্রিয়মুখী,আশ্রয়,অনুভূতি
পবিত্রতা,বিবাহ,প্রতিবাদী,বন্ধ্যাত্ব,জেনোফোবিয়া,লুটপাট,অনুভূতি,প্রশ্নবিহীন,অনুমানমূলক
অনুপ্রেরণামূলক,পবিত্রতা,কসাই,জরুরী,টাইফুন,শ্বাসরুদ্ধকর,আদরপ্রদান,মান্য,ওরাকল
জীবনীশক্তি,ছন্দময়,রিভলবার,আঘাতপ্রাপ্ত,মাকড়সা,নিন্দা,সহানুভূতি,অকাট্য,বীরত্ব
আত্মবিশ্বাসী,ট্রফি,বন্দুক,শক্তিহীন,উদ্বেগজনক,গালি,প্রিয়তমী,পূজা,আঁকড়ে
রংধনু,মিছিল,অগোছালো,অসমতা,নিপীড়ক,আক্রমণ,আনন্দে,পুনরুজ্জীবন,অস্বস্তি
মুক্তি,কেনাকাটা,ধর্মনিন্দা,কাফন,নিষ্ঠুর,রাক্ষস,প্রাণসঙ্গী,কর্তব্যপরায়ণ,কৌতূহল
মার্জিত,বাদ্যযন্ত্র,বিশৃঙ্খল,চিন্তা,কোমা,জবরদস্তি,সৌভাগ্যবতী,প্রহরী,সুখী
আয়ত্ত,ভাল,বিচ্ছিন্নতা,বিপদজনক,স্ট্রোক,তিক্তভাবে,হৃদয়মুখী,স্বেচ্ছাসেবক,প্রেম
ঝলক,ভোর,ঝামেলা,ডুব,গণ্ডগোল,ঈর্ষান্বিত,অনুপ্রেরণা,নিষ্পাপ,সুন্দর
আলোকসজ্জা,শেল,বিরোধ,ব্যর্থ,ভয়ে,মাতাল,মনমত,প্রশ্নাতীতভাবে,হত্তয়া
পুষ্প,নৈতিকতা,উপহাস,আতঙ্কজনক,যুদ্ধক্ষেত্র,মারধর,অনুপম,সময়নিষ্ঠ,ঝলক
উষ্ণতা,টাকা,মৃত্যু,সমাপ্তি,ইমেটোফোবিয়া,মোটা,প্রেমলিপি,চিরস্থায়ী,প্রাচুর্য
স্বাগত,মিষ্টি,পাগলামি,পাপী,অস্ত্র,মিথ্যাবাদী,স্নেহময়,স্বর্গীয়,ফলে
বিশ্বস্ত,মূল্যবান,কলঙ্কজনক,ভারসাম্যপূর্ণ,তুষারঝড়,বন্দী,প্রাণবন্ধু,পরীক্ষিত,পরিবর্তনযোগ্য
খ্যাতি,স্নাতক,দানব,ছিন্নভিন্ন,ধমক,আলস্য,আনন্দময়,বংশ,অভিন্নতা
ভাই,পূর্বাভাস,অন্যায়,অসহায়,স্বৈরাচারী,প্রত্যাখ্যান,প্রণয়ভরা,অধ্যক্ষ,প্রচুর
অভিনব,সুন্দর,ফাঁসি,মরণোত্তর,সীমালঙ্ঘন,অসম্মান,প্রিয়তমকে,সহযোগী,আর্থিক
শক্তিশালীকরণ,তৃষ্ণা,অসহিষ্ণু,নিখোঁজ,নির্মম,অবিশ্বাস,আনন্দধারা,দ্ব্যর্থহীন,যাদুবিদ্যা
গর্ব,মুখ,অনাচার,শেষ,অবাধ্যতা,প্রাণঘাতী,অনুপ্রেরিত,ম্যাট্রন,শঙ্কিত
সর্বশক্তিমান,সূর্য,জন্তু,ক্ষত,শাস্তি,পোড়া,আদরপ্রদ,অন্তর্দৃষ্টি,ক্ষুধার্ত
ক্ষমতাশালী,শিল্প,অপবাদ,অবনতি,তেজস্ক্রিয়,ঝগড়া,সহচর,স্বীকার,ভোট
উল্লেখযোগ্য,সুপ্ত,প্রতারিত,অপব্যবহার,প্রক্ষিপ্ত,শুকিয়ে,প্রেমবিন্দু,বিষয়বস্তু,সন্দেহজনক
অভিবাদন,ওভারডিউ,ঠাট্টা,অবাঞ্ছিত,চাবুক,পাচারকারী,আনন্দধ্বনি,ধর্মসভা,প্রার্থনা
রাজ্যাভিষেক,আশা,ক্রস,অত্যাচারী,মুক্তিপণ,বেদনাদায়ক,আত্মপ্রণয়,দাগহীন,শিকার
সম্পূর্ণ,গন্তব্য,বিদ্রুপ,তিক্তভাবে,র‍্যাটলস্নেক,অসহিষ্ণু,ঈশ্বরপ্রেম,ধর্মপ্রাণ,কামুক
চকচকে,শিশু,ঝাঁঝরি,পুরুষত্বহীনতা,কাঁপছে,নিন্দাজনক,একসাথে,প্রশান্তিদায়ক,ঝড়
আরাম,ডলফিন,বিধ্বংসী,আত্মাহীন,সংঘর্ষ,ঝুলন্ত,ঐশ্বর্য্যপূর্ণ,প্রেম,নিলাম
অবসর,রোদ,বিপদে,বিবাহবিচ্ছেদ,প্রবল,অনুপ্রবেশকারী,খুশির,জুরি,ব্যালট
পুনর্মিলন,শান্তিপূর্ণ,ছিন্নভিন্ন,শ্মশান,রাগিং,স্নায়বিক,চঞ্চল,প্রাসঙ্গিক,নাতি-নাতনি
বাচ্চা,স্পা,ইডিয়টস,উদ্বিগ্ন,আতঙ্কগ্রস্ত,ক্ষুব্ধ,চঞ্চলতা,সঙ্গতি,উন্মাদনা
নতুন,চড়ুইভাতি,চোর,বোমা,জঘন্যভাবে,অসহিষ্ণুতা,ছুঁয়ে,সাধুবাদ,বিনোদন
বেতন,চমৎকার,দখল,বিষাদ,বিপদজনক,উপপত্নী,নম্র,ধৈর্য,একত্রিত
দিবস,চমক,অভিযোগ,দোষী,দণ্ডিত,লোভ,পূর্ণতা,মধ্যস্থতা,অতিক্রম
পারিবারিক,সত্যি,ব্ল্যাকমেইল,পরাজয়,দাবানল,অপমানিত,প্রাণপ্রতিষ্ঠা,কোচ,সত্যায়ন
সম্পর্ক,অবাক,হতাশ,কদর্যতা,বখাটে,অবমাননা,প্রাণে,অন্তর্ভুক্তি,অনুগ্রহ
ধার্মিক,হতভম্ব,লঙ্ঘন,অপমানজনক,সর্প,কষ্টকর,প্রিয়মুখে,ধ্যান,উদ্বেগজনক
পত্নী,সাহস,আবদ্ধ,নিষ্ঠুর,আগুন,দুর্গন্ধ,প্রেমপাত্র,সমবেত,কন্টিনজেন্ট
অন্তরঙ্গভাবে,বাঘ,দুর্দশা,অবিশ্বাসী,ক্ষয়কারী,কাঁপানো,সাগর,নিরীক্ষক,আশ্রয়দাতা
সম্মান,কন্ঠে,অসমতা,মূল্যহীন,নার্ভাসনেস,শকুন,সূচনা,নিরপেক্ষ,মহৎ
চিন্তামুক্ত,পুলিশ,অযৌক্তিক,ছাঁটা,প্রতিহিংসাপরায়ণ,শোচনীয়,প্রেমী,বিচক্ষণতা,কুমারীত্ব
প্রকৃতি,ভিউ,পাপ,আহত,নিউমোনিয়া,দোষী,বাগান,দূরদর্শিত,গোপন
রিফ্রেশ,গল্প,তীক্ষ্ণ,লজ্জাজনক,পাচারকারী,বিরক্তিকর,বেড়ানো,উপাসনা,আপিল
পরিবার,নায়ক,অন্ধকার,গোর,কারাগার,ভয়ঙ্করভাবে,কোমলতা,ধ্রুবক,গঠন
মেধাবী,পাগল,অবাধ্য,অবমাননাকর,বিদ্বেষ,মূল্যহীন,মায়া,অ্যাম্বুলেন্স,কৃতিত্ব
মাতৃত্ব,ক্ষমতা,আগ্নেয়াস্ত্র,অপূরণীয়,দুষ্ট,অশোধিত,স্নিগ্ধতা,মহানতা,উল্লাস
দাতব্য,ওমা,যথেষ্ট,দেউলিয়া,বিকৃত,প্রলাপ,মগ্ন,নবী,প্রতিক্রিয়াশীল
আমন্ত্রণ,আগুন,কুসংস্কার,ভয়ে,অমানবিক,নিরাময়যোগ্য,মধুর,প্রত্যক্ষদর্শী,বিবাহিত
শিশু,দুজন,উত্তপ্ত,মদ্যপান,ভ্যাম্পায়ার,গন্ধ,মনখুলে,টেকসই,উৎখাত
মর্যাদা,বাপ,ষড়যন্ত্রকারী,শিকল,ভূমিধস,বিরক্তি,বাঁশি,বিচক্ষণ,আত্মা
স্মরণীয়,লাখ,প্রতিপক্ষ,স্তব্ধ,অগ্নিসংযোগকারী,বোমা,ময়না,সিকিউরিটিজ,ভয়
সত্যতা,গ্রামের,ফাউল,জীর্ণ,বজ্রপাত,সিজোফ্রেনিয়া,রঙিন,বন্ধুত্বপূর্ণ,দর্শনার্থী
সুস্থ,বাঘের,বকবক,বলিদান,হতবাক,কষ্ট,রোমান্টিক,কমান্ডিং,পুনরায়
হীরা,শট,ডাকাতি,নিষ্পেষণ,অশান্ত,কীটপতঙ্গ,শুভকাঙ্ক্ষী,সমঝোতা,ঘড়ি
সৈকত,উদ্ঘাটন,প্রতিরোধ,অধীনতা,যুদ্ধমূলক,নির্বাসিত,স্বচ্ছ,ঐতিহ্য,শিকারী
সম্পন্ন,অত্যাশ্চর্য,অসংলগ্ন,অভিভূত,বিদ্রোহী,কাদা,স্বতন্ত্র,রেজিস্ট্রি,তেজ
স্বাস্থ্য,বিভ্রান্তি,প্রতিবন্ধক,ডাকাতি,পাগলামি,চিৎকার,হৃদয়ে,ক্ষমা,অঙ্কুরোদগম
মুকুট,অস্বস্তি,থাম,রাগ,শত্রু,ঈর্ষা,পুরস্কার,পৈতৃক,প্রতিযোগিতা
আকাঙ্ক্ষা,হামলা,খারাপতা,গর্জন,কামান,ঘুষ,অকৃত্রিম,প্রতিষেধক,প্রস্তুতিমূলক
বিশেষাধিকারপ্রাপ্ত,ফাঁদ,দুইমুখী,পতন,ব্ল্যাকমেইল,বিতর্ক,কিউট,নিখুঁত,প্রগনোস্টিক
প্রতিপত্তি,চার্জ,বেপরোয়া,কারাগার,অন্ধকার,অভিশংসন,কোমল,সতীত্ব,বিমিং
আকর্ষক,ফাঁদে,পক্ষপাতমূলক,বিশৃঙ্খলা,পরিত্যাগ,তিক্ততা,ঝলমলে,স্থাবর,প্রফুল্ল
অনুগত,উড়িয়ে,লাগামহীন,অস্থির,জিজ্ঞাসাবাদ,নিষিদ্ধ,মোহনীয়,নির্দেশাবলী,বিরাজ
বিবাহিত,গোলমাল,অধঃপতন,ভেঙ্গে,স্বৈরাচার,অপবিত্রতা,ফাইন,ইনস্টিটিউট,গুরুত্ব
অতিক্রান্ত,ভাইরেভাই ,বিতর্ক,লঙ্ঘন,বিচ্ছিন্ন,বোকা,স্পর্শযোগ্য,বাধ্য,বিজ্ঞপ্তি
মুখরোচক,ওমাগো,বিকৃতি,উচ্ছেদ,রাগ,অজ্ঞান,অতুলনীয়,স্পষ্ট,বিস্ফোরক
শুভদিন,ঠাডা,স্বৈরাচারী,হারানো,নির্দয়,ডাকাত,লালিত,স্মরণীয়,শেষ
ইচ্ছা,ঘূর্ণিঝড়,অসঙ্গতি,লজ্জা,শোচনীয়,ধ্বংসাবশেষ,পারফেক্ট,হাসপাতাল,পর্যন্ত
স্বপ্ন,সারপ্রাইজ,মোকাবিলা,প্রতিহিংসা,কসাই,মন্দা,মন্ত্রমুগ্ধকর,উদ্ধার,শিশু
ট্রফি,কোপ,ধর্মত্যাগী,শাহাদাত,মারধর,ঘাট,দীপ্তিমান,দলিল,নবী
তোড়া,,গরম,অসংলগ্ন,বিচার,রাগিং,প্রেমময়,টিকাদান,বর্তমান
চকোলেট,,আত্মহত্যা,অপরাধী,ম্যালেরিয়া,মেস,চিত্তাকর্ষক,অকপট,সময়
সৃজনশীলতা,,হীনতা,আকাঙ্ক্ষা,আগ্রাসন,দুঃখ,আনন্দদায়ক,সত্যই,কামুকতা
স্মারক,,অসৎ,বন্দিত্ব,ইনজেকশন,শত্রুতা,স্বপ্নময়,অবিচ্ছেদ্য,বকেয়া
বুদ্ধিমত্তা,,অবিশ্বাস,রাক্ষস,ছোরা,পদদলিত,বিস্ময়কর,স্বর্গ,তাঁত
নববধূ,,সমালোচনা,আমাশয়,শিশুহত্যা,স্বজনপ্রীতি,স্বর্গ,বিদ্যালয়,বেতন
উত্সাহী,,কষ্টকর,ফেটে,শিকল,মানহানি,গর্জিয়াস,ভ্রাতৃত্বপূর্ণ,সেলিব্রিটি
উত্তরাধিকার,,বন্দী,বিশ্বাসঘাতক,আগ্নেয়াস্ত্র,অমার্জনীয়,আবেগপ্রবণ,সীল,চিকিত্সা
সুড়সুড়ি,,বিবাহবিচ্ছেদ,হট্টগোল,অভিযান,অপচয়কারী,ফ্যান্টাস্টিক,সন্দেহাতীত,চকোলেট
শান্ত,,শিকার,মিথ্যা,উচ্ছেদ,অধীনতা,মোহিত,নববধূ,গাঁজন
অ্যাডভেঞ্চার,,নির্দয়,কলেরা,ভিলেন,অবৈধতা,রূপকথা,ধর্মগুরু,অনিয়ন্ত্রিত
প্রদান,,জবরদস্তি,অস্বীকৃত,যুদ্ধরত,হতাশাজনক,ছেলেবন্ধু,আরাধনা,মূল্যবান
বিশ্রাম,,দুর্বৃত্ত,ভয়ানক,ধাক্কা,অপ্রীতিকর,সুদর্শন,মধুচন্দ্রিমা,ক্ষতিপূরণ
লক্ষ্য,,বিশৃঙ্খলা,ধমক,গোলাগুলি,পক্ষাঘাত,অর্ধাঙ্গিনী,উপকারী,বিপন্ন
প্রার্থনা,,ক্ষতি,তিক্ততা,আবিষ্ট,যত্নহীন,মায়াবী,স্নাতক,সংস্কার
বর,,প্রত্যাখ্যান,অধঃপতন,খলনায়ক,অনৈতিকতা,সহানুভূতিশীল,সঠিকতা,বোঝানো
আন্তরিকভাবে,,নির্বাসিত,অনৈতিক,অশুভ,অত্যাচার,আকুল,ক্ষমতাশালী,পূর্বশর্ত
দীপ্তি,,বিকৃত,বৈষম্য,দোষী,কাশি,সুদৃশ্য,কমনওয়েলথ,চাষ করা
বন্ধন,,হাতুড়ি,শয়তান,কার্ডিওমায়োপ্যাথি,অহংকারী,উজ্জ্বল,অ্যাকাউন্ট,বিকাশ
রাজকুমারী,,অস্বীকার,হতাশাবাদ,চোর,রাগান্বিত,মধু,অভিধান,সংকেত
নান্দনিকতা,,লড়াই,প্রলাপ,ব্যথা,উত্তেজনা,প্রণয়ী,প্রসূতি,ক্রান্তিকালীন
বাতাস,,বিভ্রান্তিকর,অপছন্দ,ভাগা,নির্বাসন,রানি,সংঘ,স্মারক
অনুষ্ঠান,,বাধা,ঘৃণ্য,প্রতারণা,ক্ষিপ্ত,পুতুল,ক্রেডিট,বিরতি
আত্মীয়,,আবিষ্ট,ব্যভিচার,ড্রাগন,মাকড়সা,ডার্লিং,গঠনমূলক,উচ্চতা
মননশীলতা,,অবিচার,ময়নাতদন্ত,ভয়ানক,অযৌক্তিক,ফেরেশতা,প্রার্থনা,অনুশীলন
বৃত্তি,,বর্শা,মর্মাহত,কুয়াশা,কর্দমাক্ত,ভক্তি,চিরস্থায়ীতা,মনন
মোহন,,অগ্নিপরীক্ষা,চাবুক,ক্লেশ,প্রতারণামূলক,আকুলতা,সংগঠন,ভয়ঙ্কর
অনুমোদন,,পরিত্যাগ,বিরক্তি,গবলিন,বেপরোয়া,আনুগত্য,প্রধান,মরুভূমি
দৃশ্যাবলী,,অবমাননা,প্রত্যাখ্যান,প্যারানয়া,কলঙ্ক,স্বাদ,পৃষ্ঠপোষকতা,দিগন্ত
জলপ্রপাত,,উন্মাদ,অত্যাচার,অবিশ্বাসী,ক্ষতি,ঘনিষ্ঠতা,দার্শনিক,লুকোচুরি
বিশ্বাস,,দমন,উদ্বেগজনক,লাভা,অসৎ,উষ্ণতা,নীতি,চড়াই
জন্ম,,নির্লজ্জ,পলায়ন,শত্রুতা,স্বার্থপর,প্রশংসক,অক্ষত,কুকুরছানা
ক্ষমা,,ফেনা,শাস্তিমূলক,অবরোধ,পরিত্যাগ,সুন্দরী,অতুলনীয়,চোখবাঁধা
যাত্রা,,ব্যাহত,হতাশাবাদী,ঘুষি,ক্ষোভ,রোমিও,চিকিৎসা,লাগামহীন
সপ্তাহান্তে,,বোকা,দরিদ্র,ব্যাকটেরিয়া,বিদ্বেষ,ভ্যালেন্টাইন,কনস্টেবল,রাশিফল
ন্যায়পরায়ণতা,,পাপী,বাত,কাঁপানো,বিচ্ছিন্ন,জুলিয়েট,ক্ষমাশীল,বিমানবন্দর
স্বামী,,নখর,প্রতারক,অতল,মশা,উপাসনা,সহনশীলতা,ওকালতি
ত্রাণ,,প্রত্যাহার,চলে,টালমাটাল,গাদা,মহিমান্বিত,পুরোহিত,মামলা
শক্তি,,পাচারকারী,শহীদ,চুরি,ধার্মিক,সখি,প্রতিজ্ঞা,রোদ
শক্তিশালী,,বাতিল,প্লেগ,ভূতুড়ে,মিথ্যা,মধুময়,গৃহিণী,স্বজ্ঞাতভাবে
অপরাজিত,,অজাচার,ভিন্ন,খালি,আফিম,মধুরিমা,গ্রহণযোগ্য,নায়ক
আগ্রহী,,অননুমোদিত,গুলি,জেল,অন্যায়,প্রেমধারায়,সার্বভৌম,প্রবল
জীবন,,অমানবিক,ম্যালেরিয়া,কাপুরুষ,হতাশা,আনন্দপূর্ণ,প্রিয়তম,স্মরণ
শীতকালীন,,সংযত,পদত্যাগ,অস্থিরতা,শূন্য,প্রশংসা,পাসওয়ার্ড,রোমান্টিক
উষ্ণ,,প্রতারণা,বোমারু,অস্ত্রোপচার,দেউলিয়াত্ব,উপভোগ,মতবাদ,কেয়ামত
অগ্রসর,,আপত্তিকর,কৃপা,নিষেধ,আপত্তিকর,লালন,ক্ষমাপ্রার্থী,প্রস্তুত
একতা,,দোষ,ঝুলন্ত,ব্যর্থতা,আঠালো,পূজা,পোপ,নবজাতক
স্বাস্থ্যকর,,বিচারপ্রার্থী,অনুপস্থিতি,পৃথকীকরণ,গৃহহীন,স্মরণ,অমৃত,প্রস্থান
পদক,,প্রতিদ্বন্দ্বিতা,অপূর্ণ,অপসারিত,অস্বাভাবিক,আদর্শ,সত্যায়ন,অপ্রকাশিত
অতুলনীয,,চোষা,মোহভঙ্গ,পরজীবী,অভিশাপ,পোষা,গুরু,উপস্থিতি
শুরু,,অসম্মান,অস্থিরতা,শঙ্কিত,অবাঞ্ছিত,দোলনা,গির্জা,বিপদ
স্নাতক,,হাঙ্গামা,নিরুৎসাহিত,ঘৃণ্য,নির্লজ্জ,আরাধনা,অবদানকারী,আয়
সহায়ক,,অকৃতজ্ঞ,নির্দয়,আবদ্ধ,বিচ্ছিন্নতাবাদী,স্ত্রী,নাতি-নাতনি,উদ্যম
বাদ্যযন্ত্র,,জিম্মি,আত্মসমর্পণ,কণ্ঠনালীপ্রদাহ,চালাকি,মিঠাই,প্রবাদ,অনুকূল
নিরাপদ,,অপসারিত,জঘন্য,ভিড়,অবিশ্বাস্য,নববধূ,আম্পায়ার,ইউটোপিয়ান
প্রতিশ্রুতি,,বিপর্যয,অপরাধ,লুটপাট,নাশক,,ধর্ম,সাঁতার
মা,,ঈর্ষান্বিত,কাতরানো,ক্ষত,লোমশ,,মুখপাত্র,চলমান
পরিত্রাণ,,প্রতিকূলতা,অন্ধকার,জোরপূর্বক,নিকোটিন,,সহকর্মী,ঘটনাচক্র
কবিতা,,অবিশ্বাসী,দুর্বলভাবে,কাপুরুষতা,পতন,,কর্নেল,শুভদিন
নিষ্পাপ,,অভিযুক্,ধরা,আধিপত্য,অপরিচ্ছন্ন,,পূর্বাভাস,উদ্যোগ
শুদ্ধ,,অস্ত্র,অসন্তুষ্টি,পাচার,হিংস্র,,স্নেহ,উন্নতি
উদ্বোধন,,অপছন্দ,হানা,মুখোশ,অপবিত্র,,পুলিশ,উদ্বোধন
অ্যারোমাথেরাপি,,দমবন্ধ,অপসারিত,ঝাঁকুনি,বিতর্কিত,,দেশবাসী,দৃষ্টিকোণ
হালকা,,কষ্ট,বিব্রত,শিকারী,কলঙ্কিত,,সালিস,প্রতিরক্ষা
ভ্রমণ,,স্বার্থপর,শত্রু,ফাঁকি,খারাপতা,,বিশুদ্ধভাবে,শোধ
নগদ,,আপত্তি,অনুরোধ,ধরা,স্বাদহীন,,অনুসরণ,ফাঁক
সহচর,,দগ্ধ,বিতৃষ্ণা,পোলিও,অসততা,,ধর্মোপদেশ,যৌবন
সুবিধাজনক,,ভাঙ্গন,আবদ্ধ,অপমানজনক,স্থানচ্যুতি,,সংসদ,প্যারোল
দানশীলতা,,অসহিষ্ণুতা,আক্রমণ,হানা,টক,,যাজক,চিন্তা
আরোগ্য,,স্বার্থপরতা,অসামাজিক,আসন্ন,অবাধ্য,,লেখক,পুনরুদ্ধারকারী
তারকা,,লুণ্ঠন,কলঙ্কিত,অদৃশ্য,ভ্যাম্পায়ার,,কার্যকর,আদালত
ফুল,,অহংকারী,বোকা,অবনতি,উপেক্ষিত,,কোষাধ্যক্ষ,সর্বোচ্চ
মুচকি,,পিকেটিং,বিস্ফোরণ,কবর,অস্পষ্ট,,প্রশিক্ষক,শীঘ্রই
অগ্রগতি,,উদ্ধত,বাজেয়াপ্ত,ঝুঁকিপূর্ণ,অজ্ঞ,,রায়,শুভ
সমতা,,মরণ,অপ্রীতিকর,শক্তিহীন,অসন্তুষ্ট,,ন্যায়পরায়ণ,চিঠিপত্র
শৈশব,,অবৈধতা,অভিযোগ,ঝুঁকি,বিরতি,,কমিশন,উদারতা
একসাথে,,ভেটো,ভুলে,দ্বন্দ্ব,অপছন্দ,,খালা,ঝকঝকে
ছন্দময়,,বিভ্রান্ত,সংক্রমণ,বারুদ,বেআইনি,,নথিভুক্ত,স্বেচ্ছাচারী
পূর্ণতা,,অবৈধ,প্রতিরক্ষাহীন,হাঙ্গামা,পুনর্বিবেচনা,,পদক,ঘটবে
চড়ুইভাতি,,তীব্র,উপহাস,শাহাদাত,জাল,,হেফাজত,কম্পন
চলচ্চিত্র,,অস্বীকৃতি,বিভ্রম,অনিরাপদ,অসন্তুষ্টি,,কুরিয়ার,চিঠি
প্রবল,,সংগ্রাম,ছিনতাই,খারাপ,অকৃতজ্ঞ,,ব্যাংক,ব্রত
উদ্দীপনাপূর্ণ,,স্বৈরাচার,দমবন্ধ,পাপ,নির্দয়,,পাঠ,তীক্ষ্ণ
গায়কদল,,দ্বিমত,দুর্বলতা,জাদু,নকল,,ধর্মতাত্ত্বিক,দ্বন্দ্ব
অর্থপূর্ণ,,বেআইনি,বন্ধুত্বহীন,নিষ্ক্রিয়,দুর্ভাগ্য,,সহকারী,হুমকি
তারকাখচিত,,ভুলভাবে,ক্ষয়প্রাপ্ত,ক্ষয়,বিরূপ,,রাষ্ট্রপতি,সৃষ্টিকর্তা
কেনাকাটা,,আল্টিমেটাম,দুর্ঘটনা,ময়নাতদন্ত,অভাব,,গভর্নর,গ্রাস
উপাসনা,,বিভেদ,স্থগিত,দুঃখ,অপ্রাকৃত,,ভোর,ব্যাখ্যাতীত
লাফ,,মর্মাহত,পাপ,দুর্বলতা,অনুভূতিহীন,,সভানেত্রী,সংক্রামক
যোগাযোগ,,শাস্তিমূলক,অন্ধত্ব,গর্জন,কঠোরতা,,নাবিকদল,মহিমান্বিত
শ্রদ্ধেয়,,মূল্যহীন,অনিরাপদ,কলঙ্ক,ধ্বংস,,উপপাদ্য,জমা
উদীয়মান,,বিচ্ছিন্নতাবাদী,একনায়কত্ব,বিচ্ছু,ব্যর্থতা,,স্যার,নথিভুক্ত
অগ্রিম,,মুক্তিপণ,অপ্রত্যাশিত,অ্যাপেন্ডিসাইটিস,চাটা,,অপারেশন,একীকরণ
মধুর,,পলাতক,হারান,সাইরেন,অনিয়মিত,,পরিচালক,অভিকর্ষ
সরলতা,,জ্বালা,উদ্বেগ,ব্রিগেড,দুঃখজনকভাবে,,সূত্র,গ্লাইড
অবিস্মরণীয়,,মূর্খতা,মৃত্যুহার,সাবধান,কৃপণ,,রসায়নবিদ,অনুষঙ্গী
যৌবন,,আলাদা,বিশৃঙ্খলার,অসুস্থ,বিমুখতা,,চ্যান্সেলর,লালন
প্রাকৃতিক,,বিস্মৃতি,উত্তেজক,তাড়ানো,দণ্ডিত,,প্রভু,পূজা
অনন্য,,পরিশোধ,দীর্ঘস্থায়ী,সূঁচ,বিচ্ছু,,বর,ক্ষমতাশালী
খালাস,,অসঙ্গত,অস্বস্তি,প্রতিরক্ষাহীন,মফ,,পরিসংখ্যানগত,সূত্র
বিড়ালছানা,,উচ্ছেদ,বমি,আবির্ভাব,প্রহসনমূলক,,নিয়ন্ত্রক,পদক
পবিত্রকরণ,,মার্শাল,অধার্মিক,বন্যা,অসামাজিক,,পরিবহন,চিন্তা করা
সমঝোতা,,প্রতিরক্ষা,পচা,অবমাননা,কঠিন,,সালিসকারী,বিপদজনক
উন্নতি,,হৈচৈ,কাঁপানো,উৎখাত,শাস্তি,,মঠ,নির্ধারণ করা
খাঁটি,,প্রতারণামূলক,গনোরিয়া,গনোরিয়া,বহিষ্কার,,নির্বাচিত,সালিশ
আলো,,সহানুভূতিহীন,পাগল,জবরদস্তি,বিলাপ,,গ্রামবাসী,প্রাপক
অনুভূতি,,আড়াল,অসহিষ্ণু,বিপদে,নিরক্ষর,,ভাগ্য,স্কোর
স্বাধীন,,গোলমাল,অসুবিধা,বার্ধক্য,বিবাহবিচ্ছেদ,,সূর্য,নির্যাতন
পবিত্র,,ক্ষমতাশালী,বর্জন,নিমজ্জন,উচ্ছেদ,,ভিত্তি,আভা
দক্ষতা,,অসন্তুষ্টি,নেতিবাচক,কবরস্থান,হতাশ,,দাম্পত্য,প্রশংসনীয়
পুনরুজ্জীবন,,অশালীনতা,দেউলিয়াত্ব,খারাপতা,জঞ্জাল,,উইল,ফুটবল
দাতা,,রাষ্ট্রদ্রোহ,বার্ধক্য,পরিত্যক্ত,অভিমানী,,বৃত্ত,অভিজাত
সুর,,নির্বাসন,অসম্ভব,পালিয়ে,অ্যানাকোন্ডা,,ব্যাকরণ,অজানা
কোলাহল,,ফাটল,মাদকাসক্ত,প্রত্যাখ্যান,অপরাধবোধ,,রক্ষণাবেক্ষণ,অগ্রদূত
উদ্দেশ্য,,দ্বন্দ্ব,ক্লান্ত,অনাচার,পলাতক,,হিসাবরক্ষক,প্রদান
অতিক্রম,,কটাক্ষ,পরবর্তী,ম্যানিপুলেশন,বলিদান,,করুণা,মিষ্টি
আনুকূল্য,,দাগ,বিক্ষুব্ধ,ভাঙ্গা,শক,,লেনদেন,অপেরা
ফল,,নির্বাস,কোমা,মাংসাশী,দুর্দশা,,স্বতঃসিদ্ধ,গতি
বিনীত,,নির্লজ্,অবমাননা,পুরুষত্বহীনতা,জ্বালা,,সক্ষমতা,নগদ
বাচ্চারা,,অশ্লীল,মন্দা,অস্থিতিশীল,অযোগ্য,,ডায়েরি,লতানো
সেলিব্রিটি,,বাজেয়াপ্ত,চিৎকার,অনুপ্রবেশ,অসদাচরণ,,বহুবর্ষজীবী,আহ্বান
তাল,,ভয়াবহ,দমন করা,চুপিসাড়ে,ত্রুটিপূর্ণ,,ট্রাস,তারকা
স্পা,,আতঙ্কজনক,ফাঁকি,উন্মাদ,দোষ,,শিক্ষানবিশ,নড়বড়ে
তুষারপাতের,,বিরোধিতা,হাসপাতাল,কুসংস্কার,স্থানচ্যুত,,ধর্মতান্ত্রিক,উত্পাদন
তুষারপাত,,ছিঁচকে,ঝামেলা,জোঁক,বৃথা,,ফোরাম,অবিলম্বে
পরিচিতি,,অবরোধ,প্রতিশোধ,অমানব,ছিনতাই,,এন্টিসেপটিক,ভোর
কফি,,মিথ্যা,অপর্যাপ্ত,দাস,অস্বাস্থ্যকর,,পুনর্বিবেচনা,তারকাখচিত
বাগান,,বিভ্রম,আর্সেনিক,ফ্রিকআউট,বর্জন,,দোকানদার,অতুলনীয়
ভোর,,অচিন্তনীয়,নাশকতা,ঝোড়ো,মোহভঙ্গ,,শ্রম,সমাপ্তি
গুণগ্রাহী,,উপদ্রব,সমালোচনা,সাসপেন্স,ধাপ্পাবাজি,,গেজেট,ভাড়া
ভোজনরসিক,,আঘাতমূলক,প্রতিকূলতা,রক্ত,অমানব,,সংরক্ষণকারী,চকচকে
গীত,,মানহানি,ক্লান্তি,ভালুক,বেমানান,,স্ত্রী,টেস্টামেন্ট
পেডিকিউর,,মামলা,কাপুরুষ,বেআইনি,অদ্ভুততা,,রিপোর্টার,জীবিত
কিচিরমিচির,,নিভিয়ে,ভিক্ষা করা,নির্বাসন,বরখাস্ত,,ক্রীড়াবিদ,দুর্দশা
সাধু,,জালিয়াতি,সংক্রামক,অচিন্তনীয়,অপ্রত্যাশিত,,রাডার,প্রাথমিক
নিরাময়,,অপ্রত্যাশিত,অসৎ,ডাকাত,হাস্যকর,,বাজেট,অভয়ারণ্য
সত্য,,হট্টগোল,ক্ষয়,যাদুবিদ্যা,দুর্ব্যবহার,,গাছ,রেগাট্টা
শখ,,বন্ধুত্বহীন,অস্বাস্থ্যকর,লুণ্ঠন,চূর্ণ,,মহিমান্বিত,খসড়া
অবকাশ,,ধূর,জ্বালা,তাড়া,অনিশ্চিত,,টহল,সিঙ্ক্রোনাইজ
ঘুঘু,,কারচুপি,রাষ্ট্রদ্রোহ,কপট,উগ্র,,জাতি,সুস্থতা
সহজতর,,অসম্মত,তাড়ানো,সন্দেহ,অবমূল্যায়ন,,ভাষাবিদ,নিষ্কাশন
ফিটনেস,,হতাশা,অসম্মতি,উত্তেজিত,অশ্রুসিক্ত,,ভদ্র,এক্সেল
সূর্যাস্ত,,অনৈতিকতা,যোগসাজশ,কঠোরতা,বকবক,,ছাড়পত্র,খোঁচা
বুদ্ধি,,রাইফেল,ড্যাশড,স্টিং,অস্থির,,নির্বাচকমণ্ডলী,অকথিত
খেলাঘর,,অসুবিধা,সংঘর্ষ,আবদ্ধতা,বিরক্ত,,সাংবাদিকতা,উজ্জ্বল
সুপারম্যান,,পিকেট,অবৈধ,দমন,জরুরী,,নীড়,প্রফুল্লতা
কারুশিল্প,,আটকানো,প্রতিকূল,অবৈধ,বিবর্ণতা,,জনপ্রিয়,বন্ধুত্বপূর্ণ
প্রভু,,ত্রুটিপূর্ণ,মেজাজ,পতন,হাইড্রোফোবিয়া,,বিনিময,মেইল
সৎ,,ধূর্ত,পুনর্বিবেচনা,নিষিদ্ধ,নিয়ন্ত্রণহীন,,বার্তাবাহক,অপ্রত্যাশিত
ভোজ,,মোহভঙ্গ,বাকি,পাপী,ধূর্ত,,বন্ধুরা,বাস্কেটবল
প্রতিষ্ঠিত,,হতাশাবাদ,হাম,নষ্ট,অসন্তোষজনক,,অনুবাদ,উদ্বোধনী
শোভাকর,,রিমান্ড,যত্নহীন,পূর্বপরিকল্পিত,বিভ্রান্তিকর,,সরাসরি,আধিপত্য
হাঁটা,,কামান,আধিপত্য,সুউচ্চ,দুর্ঘটনা,,অনুষদ,পুনর্বাসন
কৃতিত্ব,,তির্যক,কুখ্যাতি,অপ্রতিরোধ্য,ঝুল,,কারফিউ,অন্তরঙ্গভাবে
নৈতিকতা,,অসম্মানজনক,লুণ্ঠন,অস্থির,দাবিত্যাগ,,অধিকারী,কর্মজীবন
ভ্রাতৃত্বপূর্ণ,,নিষেধ,অবমূল্যায়ন,অ্যাম্বুলেন্স,আবদ্ধ,,পছন্দ,প্রতিরোধ
নরমভাবে,,অভাব,খারাপভাবে,হট্টগোল,অসম,,সামঞ্জস্য,প্রস্তাবনা
ফসল,,ভাঙ্গা,বেআইনি,চমকানো,ন্যাকড়া,,মূল্যায়নকারীট,কমনীয়তা
মৃদুমন্দ,,উচ্ছৃঙ্খল,ক্লেশ,ধড়ফড়,কাতরানো,,বিশ্বজনীন,পরিপূরক
জোকার,,কটুক্তি,সর্বস্বান্ত,হ্যালুসিনেশন,অনুপযুক্ত,,ম্যানুয়াল,চমকানো
স্বেচ্ছাসেবক,,দুর্ব্যবহার,উদ্বাস্তু,সিরিঞ্জ,সমালোচনা,,সুন্দর,অনন্ত
লাভ,,কলঙ্ক,আতিথেয়তাহীন,পক্ষপাতদুষ্ট,হাঁচি,,সিনেট,চিরস্থায়ীতা
সম্পদ,,অমানব,বিভ্রান্তি,অভিযোগ,ঠুং,,ডলফিন,সূর্যাস্ত
সৃষ্টি,,নষ্টকারী,অস্বীকৃতি,নিরাপত্তাহীনতা,অগ্রহণযোগ্য,,জামানত,মানানসই
গ্রহণ,,ত্রুটি,উত্থান,উপত্যকা,হিসাবহীন,,মাইক্রোস্কোপ,আত্মবিশ্বাস
মহাসাগর,,কঠিন,ধ্বংসাবশেষ,ফাটল,খুপরি,,বিশেষাধিকারপ্রাপ্,আড়াল
হাইকিং,,অবিশ্বস্ত,তুষারপাত,হাসপাতাল,কুরুচিপূর্ণ,,ব্যাংকার,নিখুঁত
চিরসবুজ,,পক্ষপাত,অভাব,বর্ম,তিরস্কার,,প্রশাসন,মহামারী
গন্তব্য,,ছিনতাই,অশ্লীলতা,যোদ্ধা,বিলম্ব,,অ্যাটর্নি,ফ্যান
যুদ্ধবিরতি,,অসামাজিক,তিক্ত,কাটা,গর্জন,,খেলার মাঠ,স্বেচ্ছাসেবক
টোস্ট,,জলদস্যু,রিভলবার,অভিযুক্ত,ব্যথা,,চাকর,ভাগ
গুঞ্জন,,কৃপণ,ভুলভাবে,ইঁদুর,উপেক্ষা,,সম্পাদিত,ঘিরে
পূজনীয়,,উদ্বেগ,স্বৈরাচার,সিংহ,দুর্বৃত্ত,,আইনসভা,সূর্য
ভারসাম্য,,অবনতি,নিচু,কাঁপুনি,একাকী,,খ্যাতি,সত্যতা
বুদ্ধ,,অন্তহীন,দায়বদ্ধতা,ভাঙ্গন,ফ্লপ,,মৃত্যুদন্ড,সিরিয়াল
ধর্মপ্রাণ,,বিরূপ,বাতিল,অবৈধতা,কুখ্যাত,,তত্ত্ব,ফেরেশতা
পানীয়,,কুখ্যাত,আবদ্ধতা,অবিশ্বাস,অস্বস্তিকর,,কর্পোরেশন,সাধু
সাঁতার,,বিবেচনাহীন,ধাক্কাধাক্কি,ডুবন্ত,অসভ্য,,উদ্যম,সুড়সুড়ি
রবিবার,,নিষিদ্ধ,মতভেদ,আত্মাহীন,অদক্ষতা,,নিষ্পত্তি,কুসংস্কার
স্কেচিং,,নকল,আবেগপূর্ণ,উগ্র,কটুক্তি,,শুভদিন,সংরক্ষণ
নম্রতা,,পাঁঠা,অলসতা,জ্বর,অক্টোপাস,,রড,ধর্মপ্রাণ
তরঙ্গ,,ধর্মযুদ্ধ,সহানুভূতিশীল,পচন,বদমাশ,,টুপি,সম্মান
সূর্য,,অবমূল্যায়ন,উদাসীন,শাসন,কটাক্ষ,,ব্যক্তিত্ব,পুনর্গঠন
যোগব্যায়াম,,বরখাস্ত,নিষেধ,বর্শা,সন্দেহজনক,,বড়ি,ধার্মিকতা
মনোবল,,অসাবধানতা,কলঙ্ক,ঝামেলা,দীর্ঘায়িত,,স্পা,বিশ্বাস
শিল্পকর্ম,,চিন্তাহীন,প্রস্থান,নিন্দা,ভুল বিবৃতি,,মন্ড,পাগল
অনুশীলন,,অনুভূতিহীন,কম,নিঃস্ব,পদত্যাগ,,অভিনেত্রী,আবেদন
পরিষ্কার,,অচলাবস্থা,অ্যাপেন্ডিসাইটিস,শক্তিশালীভাবে,অনগ্রসরতা,,সতর্ক,চিকিৎসা
নির্মলতা,,ধাপ্পাবাজি,নিরর্থক,আশংকা,ভর্তুকি,,সূর্যালোক,যাত্রী
মানানসই,,বিষণ্ণ,অবিবেচক,ডাইনোসর,উচ্ছৃঙ্খল,,থার্মোমিটার,দাতব্য
ব্যায়াম,,অপচয়কারী,অপ্রাপ্য,রাইফেল,তীব্র,,কেনাকাটা,সারণী
খাদ্য,,পক্ষাঘাত,বিদায়কালীন,অপরিচিত,এড়ানো,,প্রতিরোধ,শান্তি
শরৎ,,মেরুদণ্ড,বাতিলকরণ,প্রতিরোধ,ভ্রুকুটি,,সমতল,ইনস্টল
ফিট,,টিজিং,সমস্যা,তিরস্কার,অসুখী,,কংগ্রেসম্যান,নির্মলতা
সকাল,,প্রতিক্রিয়া,শত্রুতা,প্রহার,বকেয়া,,ম্যান্ডারিন,পূজনীয়
মোমবাতি,,বেমানান,হ্রাস,প্রণালী,উদাসীনতা,,ডিভান,স্পা
গ্রামাঞ্চল,,পুনরুদ্ধার,অসচ্ছলতা,চাপ,বিশ্রীতা,,বকেয়া,গোলকধাঁধা
প্রদর্শক,,ট্রল,তুচ্ছ,আকস্মিক,বিদ্রুপ,,ক্ষুদ্র,সুস্বাদু
ফুটবল,,অসম্মতি,স্থানচ্যুত,আবছায়ায়,অসুবিধাজনক,,বাছুর,চিরস্থায়ী
অমৃত,,না,পলাতক,বহিষ্কার,বিপথগামী,,চুলের,কৌশলবিদ
দর্শনার্থী,,অপরিপক্কতা,ফোড়া,পরীক্ষা,সেলিব্রিটি,,চিৎকার,যাচাই
হাততালির,,যত্নহীন,জবরদস্তি,নড়বড়ে,অচলাবস্থা,,ওজন,ট্রাইব্যুনাল
হাততালি,,শক,সীমাবদ্ধতা,ট্রাইব্যুনাল,ক্ষুদ্রতর,,মেশিন,হাততালি
ডায়েরি,,নারীবাদ,বিরক্তিকর,গোপন,ডুবে,,উৎসব,শান্তিপূর্ণ
পর্বত,,অসুবিধাজনক,অযোগ্য,ছিনতাই,সন্দেহাতীত,,খচ্চর,ধৈর্য
দোলনা,,অতিরঞ্জিত,ডুবে,বাত,কোলাহল,,সংগ্রাম,অমীমাংসিত
মিছিল,,হারান,নিষ্কাশন,কাঁটা,ধাক্কাধাক্কি,,ভোলা,এডিফিকেশন
সংরক্ষণকারী,,চুল্লি,প্রতিশোধ,টার্গেটিং,ধূসর,,আত্মসমর্পণ,মরুদ্যান
হত্তয়া,,পাথর,ভূতুড়ে,বাধা,অসমতা,,অস্বীকার,হাসি
প্রাতঃরাশ,,উত্যক্ত,কাটা,হাঁপাচ্ছে,আনাড়ি,,কংগ্রেস,শ্রদ্ধা
জীবনকাল,,সশব্দ,সিস্ট,অভাব,ক্ষমতাশালী,,সুখী,অকপট
আদেশ,,কুখ্যাতি,চোর,রহস্যময়,নাউযুবিল্লাহ,,সেলিব্রিটি,ভিস্তা
শিল্প,,বেত,ভিক্ষুক,শাস্তিমূলক,,,জয়,ষড়যন্ত্রকারী
নার্সারি,,আজেবাজে,ছিঁড়ে,ঝড়,,,আপনি,প্রবাহিত
স্কিইং,,ব্যর্থ,বিচ্যুতি,অজ্ঞান,,,ইন্ডেন্ট,স্বীকৃত
পুতুল,,বদমাশ,ঝাঁকুনি,বিভ্রম,,,অটিজম,আটকান
ভোট,,অবাঞ্ছিত,অসম,হতাশা,,,অ্যান্টিফাঙ্গাল,চালিয়ে যান
বীণা,,পরিত্যক্ত,দুষ্প্রাপ্য,দখল,,,খান,জ্যোতিষী
প্যাস্ট্রি,,অপ্রাপ্য,প্রতিবন্ধী,হাইড্রা,,,ফ্যাশন,মধ্যস্থতা
প্রতিকার,,দেউলিয়াত্ব,আক্রমণকারী,কুখ্যাত,,,অ্যাক্রোব্যাট,সময়নিষ্ঠ
ফায়ারফ্লাই,,মশা,খসখসে,ট্রল,,,উদ্দীপনাপূর্ণ,সকাল
উদ্ধার,,বিভ্রান্তি,বহিষ্কার,অপ্রাকৃত,,,ট্রান্স,সহ্য করা
ক্যাম্পিং,,বেশি,অর্থহীন,বিষণ্নতা,,,গোপনীয়তা,আদেশ
দৃষ্টিকোণ,,মরুভূমি,দাবানল,ঘোরা,,,আমলাতন্ত্র,কল
অর্কেস্ট্রা,,দুর্ভাগ্য,সামন্তবাদ,আল্টিমেটাম,,,বণিক,বন্দী
হাওয়া,,বিক্ষিপ্ত,আপত্তিকর,সাসপেনশন,,,বোঝা,ওজন
অধিকারী,,বিলম্ব,অধীন,প্রতিকূলতা,,,তিক্ততা,দক্ষতা
উপলক্ষ,,অনিরাপদ,অনিশ্চিত,বহিরাগত,,,গাসেট,গান
রেগে,,বিড়বিড়,ধাপ্পাবাজি,কদর্যতা,,,বোন,ধারাবাহিকতা
শেখান,,প্রাপ্য,দোষ,শকুন,,,হ্যান্ডজেল,বিশ্ববিদ্যালয়
দ্রুত,,মুক্তি,স্ট্রোক,ঘেটো,,,ডাল,চিকান
ফিতা,,সিদ্ধান্তহীন,দীর্ঘশ্বাস,পীড়িত,,,সার্থকতা,লালনপালন
বৃষ্টির,,ভেড়া,প্রলয়,প্রভাবশালী,,,হাসি,মা
শোধ,,খচ্চর,বকেয়া,বেপরোয়া,,,সেন্সর,দণ্ডিত
ঘুম,,তুচ্ছ,গুরুত্ব,দেউলিয়া,,,প্যান,পলক
বৈধ,,গুজব,খাঁচা,দাগ,,,শান্ত,স্বীকারোক্তি
সংরক্ষণ,,অনিশ্চিত,স্ট্রেচার,স্ট্রেচার,,,ব্রুহ,বাইরে
গাছ,,ভান,অদক্ষ,সর্বশক্তিমান,,,পরিখা,প্রফিল্যাকটিক
ধর্মগ্রন্থ,,প্রচারণা,বামন,ধ্বংসস্তূপ,,,রিসেলার,গর্বিত
চা,,সারচার্জ,অযোগ্যতা,পলায়ন,,,থিম,মিডওয়াইফ
শুভ্রতা,,অনভিজ্ঞ,পাশবিক,বরখাস্ত,,,আসক্ত,হেডলাইট
সহানুভূতিশীল,,সহ্য,ঋণ,ব্যাধি,,,অবিশ্বস্ত,দীর্ঘ
পথ,,চুদসে,সংগ্রাম,নখর,,,,ভোজ
স্কোর,,মাদারচোদ,অমার্জনীয়,বিতৃষ্ণা,,,,আরাম
স্নান,,বাইনচোদ,নাশক,চাপযুক্ত,,,,নেভিগেবল
সমর্থক,,মাথানষ্ট,মেঘলা,ষড়যন্ত্র,,,,সাবস্ক্রাইব
সাধনা,,তারছিড়া,নিকৃষ্ট,দলত্যাগ,,,,প্রতিপক্ষ
মধ্যাহ্নভোজন,,হোগামারা,সহানুভূতি,হাহাকার,,,,ডিবেঞ্চার
সেবা,,পুটকিমারা,পতিতাবৃত্তি,ধর্মযুদ্ধ,,,,চুক্তি
বন্ধ,,গজব,দাগ,খণ্ডন,,,,সিম্ফনি
শীতকাল,,শুয়োরের,বিদায়,আড়াল,,,,নজরদারি
সভ্য,,বাচ্চা,ভূমিধস,বৈষম্য,,,,নির্ভরতা
মজুরি,,শুয়োর,বিবেচনাহীন,অসচ্ছলতা,,,,বিভ্রান্তিকর
ডিসেম্বর,,কুত্তার,প্রত্যাহার,মানসিক,,,,ক্ষোভ
ফ্যান,,বাচ্ছা,অনাকর্ষণীয়,কাকতাড়ুয়া,,,,মলম
অবশেষে,,কুত্তা,বিলম্ব,ফাঁদ,,,,সিদ্ধ
পরী,,হারামির,ক্ষমাপ্রার্থী,বেকার,,,,শীর্ষ
পুদিনা,,হারামি,জারজ,দমবন্ধ,,,,বাধ্য
প্রজনন,,হারামজাদা,খালি,উত্তেজনা,,,,দক্ষ
সংগঠন,,হারামখোর,ভুল,হারান,,,,গিলোটিন
বাথটাব,,খাঙ্কিরপোলা,গোলমাল,সন্দেহজনক,,,,প্রতিনিধিত্ব
আবির্ভাব,,খাঙ্কির,বাদী,কঠিন,,,,মৃত্যু
মলম,,পোলা,কম্পন,জরুরী,,,,নিশ্চয়তা
তেল,,খান্কি,অজ্ঞান,দারিদ্র্য,,,,পরিচিতি
সহজ,,মাগি,বেকার,স্পন্দন,,,,বঞ্চিত
বুদ্বুদ,,মাগির,অদক্ষতা,প্রত্যাহার,,,,নিন্দা
বিয়ার,,চোদনা,ব্যার্থ,বাঙ্কার,,,,সন্দেহাতীত
সবুজ,,চুদির,নিষ্ফল,বাধ্য,,,,পবিত্র করা
বাস,,চুতমারানি,অসাড়তা,সুলতান,,,,কূটনীতি
বই,,মায়রে,বাধা,দন্তচিকিৎসা,,,,প্রতিষেধক
চাউ,,চুদি,ঝগড়া,লুকোচুরি,,,,দীর্ঘস্থায়ী
প্রবাহিত,,বাপ,সন্দেহ,ব্যারিকেড,,,,উদ্দেশ্য
নীরবতা,,শালা,হস্তক্ষেপ,পঙ্গপাল,,,,স্থগিত
নির্জনতা,,পুত,স্পয়লার,বিব্রত,,,,মাতৃ
ভিজিয়ে,,মাঙ্গির,বর্জ্য,খাদ,,,,শিল্প
জাপান,,মাঙ্গি,ত্রুটি,শীতলতা,,,,অপূর্ণ
নিরপেক্ষ,,নাটকি,মামলা,কেরোসিন,,,,ইনোকুলেশন
শিকার,,ল্যাউড়ার,অন্ধভাবে,সামরিক,,,,সহজতর
অপেরা,,ল্যাউড়া,কষ্টকর,ঘূর্ণি,,,,নির্ভরশীল
ওজন,,হাউয়ার,ভূত,অজানা,,,,জপ
বায়ু,,পো,মরুভূমি,ঈর্ষা,,,,র্যাম
খোলা,,চুদানির,আটক,শক্তিশালী,,,,ব্যাঙ্গার
শ্রম,,ভুদার,অস্ত্রোপচার,জন্ডিস,,,,খেলার
শাস্ত্রীয়,,বেটা,হিসাবহীন,হতাশাবাদ,,,,শ্রম
হ্রদ,,লটির,দ্বিমত,বিপ্লব,,,,বিজ্ঞানী
বাসস্থান,,লটির,অগ্রহণযোগ্য,সরকার,,,,ভাল
পুকুর,,ভেড়াচ্চোদা,ব্যাকটেরিয়া,দেউলিয়াত্ব,,,,মানবিক
চুমুক,,মাউড়া,অনুর্বর,ভীতু,,,,ব্যর্থ
সংখ্যাগরিষ্ঠ,,গুয়ার,প্রবাহিত,অবজ্ঞা,,,,হাপ
পাতা,,হোগার,অন্তহীন,সতর্ক,,,,কর্তব্যপরায়ণ
বাস্কেটবল,,ভইড়া,না,হাম,,,,স্তোত্র
ক্রিম,,ঠ্যাঁঙ,স্বজনপ্রীত,সাম্প্রদায়িক,,,,জাহাজ
একশো ,,কাইট্টা,তিরস্কার,মাথাব্যথা,,,,বিচক্ষণতা
হাসতে,,পুটকি,ঝাপসা,ডার্ট,,,,সিদ্ধান্তহীন
জিতসি,,দা,ভঙ্গুর,সর্টী,,,,ধীরে ধীরে
আলহামদুলিল্লাহ,,ভইরা,কৃপণ,শোকপূর্ণ,,,,নেভিগেটর
মাশাল্লাহ,,দুম,প্রতিশ্রুতিবদ্ধ,সীমাবদ্ধ,,,,ট্র্যাক
স্যালারি,,হালা,দমন,স্তব্ধ,,,,দোলনা
রহমত,,ল্যাওড়া,মোটা,অভিশংসন,,,,স্টার্লিং
বরকত,,চোদা,ঘাত,প্রহরী,,,,অন্তর্বর্তী
,,বানচোত,নস্টালজিয়া,মানহানি,,,,পর্বত
,,কুত্তাচোদা,প্রতিরোধ,ছাঁটাই,,,,অন্তহীন
,,তর,আফিম,লজ্জা,,,,পাবলিক
,,পুটকিত,স্বীকার,পরিহার,,,,পুনরাবৃত্ত
,,ছড়াইয়া,হায়,কীটপতঙ্গ,,,,স্বাদ গ্রহণ
,,খাওয়ামু,বিভ্রান্ত,দ্বিধা,,,,মেনে চলা
,,বালি,অনুপযুক্ত,একাকীত্ব,,,,বর্শা
,,চুদমু,বিরতি,হিস,,,,পাঠ
,,তরে,নিস্তেজ,বিতর্কিত,,,,নির্দেশাবলী
,,খাঙ্কি,থামানো,বিয়ারিশ,,,,সোনার
,,মাগী,বেমানান,বিরোধী,,,,দ্বিবার্ষিক
,,বালের,মাইগ্রেন,কাটার,,,,সন্তুষ্ট
,,উকুন,বিপত্তি,অস্বীকার,,,,হুম
,,তোর,সঙ্কুচিত,প্যারাসুট,,,,কাঁপুনি
,,হউরিরে,কাঁপুনি,রায়,,,,সুউচ্চ
,,ডিগবাজী,গুরুত্বহীন,মন্দা,,,,বাদ্যযন্ত্র
,,ছি,পদদলিত,ভূত,,,,অফসেট
,,বদর,ধ্বংসস্তূপ,আধিপত,,,,তত্ত্ব
,,জাঙ্গীয়া,নিচে,বুগাবু,,,,ধর্মতত্ত্ব
,,খুইল্যা,ফ্লপ,অনুভূতি,,,,অমৃত
,,আগুন,ক্লান্তভাবে,অবাঞ্ছিত,,,,ভীরুতা
,,লাগায়,বাদ,বাতিল,,,,মোটা
,,বাল,স্বীকারোক্তি,অধীনস্থ,,,,প্রায়শ্চিত্ত
,,ফালায়া,ধূসর,শঙ্ক,,,,শ্রোতা
,,গিট্টু,অনুভূতিহীন,অপসারণ,,,,খাদ্যতালিকাগত
,,মইত্যা,অপসারণ,অনুভূতিহীন,,,,পবিত্রতা
,,গেলমান,স্বল্পতা,শাটডাউন,,,,স্থানীয়করণ
,,চতুরচোর,উদাসীনতা,আহ,,,,প্যারাগন
,,মহাবুবস্,নিগ্রো,ওহ,,,,দোকান
,,বাপের,কুরুচিপূর্ণ,পুলিশ,,,,খামার
,,ফালায়,শিথিল,ভুলভাবে,,,,দৈনিক
,,ভোদাই,গালি,দুর্ভাগ্য,,,,ক্র্যাম্প
,,ভোদার,অবাস্তব,অসামাজিক,,,,আভিজাত্য
,,ছাল,খুপরি,পথভ্রষ্ট,,,,বন্ধ
,,ধোনের,অনন্তকাল,স্থগিত,,,,সংস্করণ
,,ধোন,অসুবিধাজনক,ক্লিনিক্যাল,,,,আত্মীয়
,,হোল,সীমাবদ্ধ,মুখবন্ধ,,,,ছিনতাই
,,টেংরি,অচল,অবসেসিং,,,,কাজ
,,ভাইংগা,ঝড়,নির্জনতা,,,,প্রত্নতত্ত্ব
,,ধরায়া,জল্পনা,চার্জযোগ্য,,,,বেতার
,,নটি,অসম্পূর্ণ,অস্বস্তিকর,,,,ধ্যান
,,নটিমাগি,লঙ্গরখানা,ক্ষমতাশালী,,,,মুঠোফোন
,,ঝি,অপচয়কারী,প্রতিপক্ষ,,,,জীবাণু
,,গুদের,অশিক্ষিত,যোগসাজশ,,,,ভাই
,,গুদ,মেলোড্রামা,না,,,,হ্রাস করা
,,মাগিবাজ,একঘেয়েমি,চালাকি,,,,অপরাজিত
,,মাইগ্যা,কুয়াশাচ্ছন্ন,বিভ্রান্তি,,,,বন্ধু
,,বেশ্যা,অকার্যকর,অযৌক্তিক,,,,হিসাবহীন
,,বাল,অবরোধ,মুছে,,,,ঘুঘু
,,ফালাইয়া,ফ্যাকাশে,টিজিং,,,,রোগী
,,আটি,আবর্জনা,রেজার,,,,ধর্মনিরপেক্ষ
,,বান,অরুচিকর,দৈত্য,,,,ডিগ্রেস
,,পুকটি,ফাঁপা,সতর্কতা,,,,সতীত্ব
,,মারা,নিরাময়,এড়াতে,,,,পরিষদ
,,খা,আগ্রহহীন,মুদ্রাস্ফীতি,,,,ঘ্রাণজ
,,গাড়,নীচে,অন্তহীন,,,,ফিতা
,,ভইরা,উপবাস,প্রলয়,,,,অধিকারী
,,দিমু,মোকাবিলা,আদালত,,,,নিষ্পত্তি
,,মাঙ্গের,বিবর্ণ,কার্তুজ,,,,যাচাই করা
,,উপ্তা,তৃষ্ণা,বন্ধুত্বহীন,,,,অপরিপক্ক
,,কইরা,কঠিন,নজরদারি,,,,মধ্যস্থতাকারী
,,চুদমু,অলস,দুর্গ,,,,নিয়মিততা
,,মাঙ্গের,নিম্ন,চ্যালেঞ্জ,,,,খাঁটি
,,নাতি,শুষ্ক,ফোলা,,,,শিশুহত্যা
,,চুদনা,বন্ধ,তীব্র,,,,বাহা
,,ভাতার,অপরাজিত,অসম্মতি,,,,অভিনব
,,মীরজাফর,স্থগিত করা,অসন্তুষ্ট,,,,সংরক্ষণকারী
,,উপ্তা,গুজব,লাগামহীন,,,,গির্জা
,,লাঠি,ছানি,সমস্যা,,,,বিউগল
,,সাটামু,অবসর,ক্রুচ,,,,গম্ভীর
,,ধোন,বিভাজন,ছিঁচকে,,,,অস্বীকার
,,কাইট্টা,বাধাপ্রাপ্ত,ব্যাঙ্গার,,,,বিশ্লেষক
,,কুত্তা,অদ্ভুত,বেল্ট,,,,বিচারিক
,,খাওয়ামু,কটাক্ষ,উচ্চতা,,,,যাজকত্ব
,,লেওরা,বিভক্ত,অনিদ্রা,,,,ব্রডসাইড
,,নিবীর্জ,স্মৃতি,অডিশন,,,,হতাশা
,,চুতমারানীর,তুষার,অপমান,,,,টুপি
,,পোলা,সীমিত,অপারেশন,,,,থার্মোকল
,,তর,ইচ্ছাকৃত,মগ্ন,,,,উপনদী
,,মায়েরে,শিরোনামহীন,ঝাপসা,,,,প্রশিক্ষক
,,চিচিং,সময়কাল,ছানি,,,,ক্লান্তি
,,ফাক,আগাছা,ডুবে,,,,মুখের লালা
,,কান্দে,মিছিল,সদ্যপ্রাপ্ত,,,,ছানি
,,ফালাইয়া,স্পর্শকাতরতা,বদমাশ,,,,অন্তর্জাল
,,পুটকিতে,সমাজতান্ত্রিক,অধৈর্যভাবে,,,,ভিসার
,,বাশ,নিস্তব্ধতা,প্রতিক্রিয়া,,,,শিকল
,,চামড়া,দেরী,ফাউল,,,,অভ্যস্ত
,,ছুইল্লা,অপ্রকাশিত,স্থবির,,,,ঠিকানা
,,লাথ্থি,বৃথা,মৌমাছি,,,,বিচক্ষণ
,,উষ্টা,চিকিত্সা,ওভারড্রাইভ,,,,অসম্মতি
,,খা,শোচনীয়,নিদ্রাহীন,,,,ক্ষত
,,সুদখোর,মন্থর,মনোরোগ,,,,গৃহহীন
,,গুদির,অনিশ্চয়,অতিরিক্ত,,,,জ্যোতির্বিজ্ঞানী
,,ব্যাটা,অনিশ্চয়তা,বেত,,,,তির্যক
,,কাঠ্ঠির,নীরব,জঙ্গল,,,,প্রতিবেশী
,,বেট্যা,বিমূঢ়,টোপ,,,,শয়তান
,,ল্যাদানী,মনমরা,অসম,,,,পিকেট
,,হোলচাটা,বিকট,শেষ,,,,বাক্য
,,বাইনচোদ,ক্ষীণ,পূর্বাভাস,,,,সুপ্ত
,,মাদার,নিখোঁজ,বিদূষক,,,,ক্রিম
,,চোদ,আক্রান্ত,ওঠানামা,,,,অপরিপক্কতা
,,হোগা,নিঃশ্বাস,চড়াই,,,,অভ্যাসগত
,,চাটা,হৃদয়হানি,ওফ,,,,নৈতিকতা
,,গো,বিছিন্নতা,পরাস্ত,,,,পাড়া
,,কুত্তার,নির্দয়তা,পরিবর্তন,,,,শান্ত
,,হোল,হৃদয়ঘাত,সহ্য,,,,বিদায়
,,মাসিকের,বিক্ষিপ্ত,কাবু,,,,অঙ্গ
,,হোল,বিচারহীন,অ্যাটর্নি,,,,ক্লাউন
,,টাইনা,বিঘ্ন,বাগ,,,,হস্ত
,,পুকটিতে,নিরুদ্দেশ্য,গিঁট,,,,সাধারণ
,,হোলের,দুর্বিচার,বকেয়া,,,,উদ্ধৃতি
,,চুলকানী,অচেতন,জিনোম,,,,রেল
,,আবাল,হতাশিত,ভঙ্গুর,,,,একনায়কত্ব
,,চোদা,নির্জনতা,সাবধানে,,,,ট্রেডমিল
,,বোকা,হয়রানি,নিস্তব্ধতা,,,,বোর্ড
,,আচোদা,হয়রান,চক্রান্ত,,,,গাছ
,,খবিশ,পাষান,পিচ্ছিল,,,,সূর্যালোক
,,ভুস্কি,অকারণে,অনিশ্চিত,,,,পক্ষাঘাত
,,বিলাই,কর্মহীন,চেকপয়েন্ট,,,,সিমেন্ট
,,হ্যাচড়া,নৈরাজ্য,ইন্টারভিউয়ার,,,,কৃমি
,,বাপপের,নৈরাজ্যভরা,নিয়ন্ত্রক,,,,সংগঠন
,,বিছাতু,নিষ্প্রয়োজন,রড,,,,নিরপেক্ষ
,,হিটলার,দুস্বপ্ন,শুনানি,,,,অগ্রজ্ঞা
,,তোগোরে,অনিষ্ট,ধূর্ত,,,,
,,ফাসিতে,বিধ্বংস,ঘাঁটি,,,,
,,লটকাইয়া,দুঃস্বপ্ন,ঔষধ,,,,
,,চুদমু,দুর্নীতি,ব্যাকট্র্যাক,,,,
,,টাইনা,মানসিকভাবে,সেন্সর,,,,
,,তোগোর,পীড়াদায়ক,নবাগত,,,,
,,পিছন,পরামর্শহীনতা,কল্পনা,,,,
,,ঢুকামু,সিদ্ধান্তহীনতা,অপেক্ষা,,,,
,,তোদের,নৈতিকহীন,ব্যঙ্গচিত্র,,,,
,,পিছ,বিপথগামী,ঘটনা,,,,
,,ঘইষা,হয়রানিতে,ইতিমধ্যেই,,,,
,,বোম্বাই,অস্বাভাবিকভাবে,রাকুন,,,,
,,চুদামু,ব্যথাজনক,ক্লাউন,,,,
,,হোগায়,নিষ্ক্রিয়তা,প্রচারণা,,,,
,,গোয়ার,অনিশ্চয়ভাবে,বাজপাখি,,,,
,,কৃমি,বিধ্বংসকারী,ফার্মেসি,,,,
,,লাত্থায়,নিঃশ্বাসহীন,স্বপ্ন,,,,
,,ল্যাওড়া,দুস্বপ্নপ্রবণ,গন্তব্য,,,,
,,ছিল্লা,আশংকাজনক,কুখ্যাতি,,,,
,,গোআ,দুর্বলহীন,সরু,,,,
,,তোরেই,নিকৃষ্টতা,সিদ্ধান্তহীন,,,,
,,খাওয়ামু,দুঃখভরা,মামলা,,,,
,,কুত্তার,দুঃখভারাক্রান্ত,চিকিত্সা,,,,
,,পুকটি,দুঃখের,সনাক্ত,,,,
,,চাটামু,বিধ্বংসপ্রবণ,শিরস্ত্রাণ,,,,
,,মাসিকের,অশান্ত,যাত্রা,,,,
,,ত্যানা,প্রতারণামূলক,বেসামরিক,,,,
,,হাইগ্যা,দুঃখিতভাবে,মেঘলা,,,,
,,গাইড়্যা,নিষ্ঠুরভাবে,,,,,
,,তুর,অসুখে,,,,,
,,ভরবো,অসুখ,,,,,
,,সুদানির,নিঃশ্বাসহীনতা,,,,,
,,,মন্দবুদ্ধিতে,,,,,
,,,দুঃস্বপ্নপ্রবণ,,,,,
,,,আত্মহত্যাপ্রবণতা,,,,,
,,,আত্মহত্যাপ্রবণ,,,,,
,,,নিষ্ক্রিয়তায়,,,,,
,,,দুঃখপূর্ণ,,,,,
,,,বিষাদময়,,,,,
,,,আপত্তিজনক,,,,,
,,,দুর্দিন,,,,,
,,,বিশ্বাসহীনতা,,,,,
,,,বিশ্বাসহীনতায়,,,,,
,,,কষ্টদায়ক,,,,,
,,,অর্থসংকট,,,,,
,,,ভয়,,,,,
,,,নিরাপদ,,,,,
,,,সাবধানে,,,,,
,,,রক্ষা,,,,,
,,,হাসপাতালে,,,,,
,,,আল্লাহই,,,,,
,,,ফাঁদে,,,,,
,,,আল্লাহ,,,,,
,,,হেফাজত,,,,,
,,,ঝুঁকি,,,,,
,,,কাঁপা,,,,,
,,,পুলিশ,,,,,
,,,মৃত্যুর,,,,,
,,,রাতে,,,,,
,,,আল্লাহর,,,,,
,,,ভয়ে,,,,,
,,,আললাহ,,,,,
,,,সাবধান,,,,,
,,,গরিলা,,,,,